month,borough,trip_type,route_id,period,total_operating_time,total_mileage,average_speed
2015-01,Bronx,SBS,All,Off-Peak,14892618,145280988,9.755234976
2015-01,Bronx,SBS,All,Peak,8365897,73966341.6,8.841411937
2015-02,Bronx,SBS,All,Off-Peak,13254101,123687835.2,9.332042603
2015-02,Bronx,SBS,All,Peak,7003681,58691088,8.380034442
2015-03,Bronx,SBS,All,Off-Peak,16851380,157776346.8,9.362814606
2015-03,Bronx,SBS,All,Peak,8847629,75058509.6,8.483460326
2015-04,Bronx,SBS,All,Off-Peak,16136761,155685279.6,9.647864252
2015-04,Bronx,SBS,All,Peak,8816076,78153674.4,8.864904794
2015-05,Bronx,SBS,All,Off-Peak,15581038,147791667.6,9.485354416
2015-05,Bronx,SBS,All,Peak,8169960,71738650.8,8.780783602
2015-06,Bronx,SBS,All,Off-Peak,16914186,158310331.2,9.359618677
2015-06,Bronx,SBS,All,Peak,8906023,78790413.6,8.846868417
2015-07,Bronx,SBS,All,Off-Peak,15872868,147910755.6,9.318464414
2015-07,Bronx,SBS,All,Peak,8145974,72493549.2,8.899310162
2015-08,Bronx,SBS,All,Off-Peak,15515472,146830780.8,9.463507188
2015-08,Bronx,SBS,All,Peak,7896396,71544661.2,9.060419614
2015-09,Bronx,SBS,All,Off-Peak,14944784,142960161.6,9.565890119
2015-09,Bronx,SBS,All,Peak,8118417,71381142,8.792495138
2015-10,Bronx,SBS,All,Off-Peak,17539605,168462914.4,9.604715408
2015-10,Bronx,SBS,All,Peak,9813798,84491798.4,8.609490271
2015-11,Bronx,SBS,All,Off-Peak,13994029,135158637.6,9.658307668
2015-11,Bronx,SBS,All,Peak,7863544,67628728.8,8.600286181
2015-12,Bronx,SBS,All,Off-Peak,16347118,154988452.8,9.481087296
2015-12,Bronx,SBS,All,Peak,7953371,69051672,8.682063492
2016-01,Bronx,SBS,All,Off-Peak,14434684,140660701.2,9.744633218
2016-01,Bronx,SBS,All,Peak,8053480,71012332.8,8.817595971
2016-02,Bronx,SBS,All,Off-Peak,16120308,156541953.6,9.710853763
2016-02,Bronx,SBS,All,Peak,8818004,78027894,8.848702495
2016-03,Bronx,SBS,All,Off-Peak,18472373,177324206.4,9.599427556
2016-03,Bronx,SBS,All,Peak,9905752,87387908.4,8.821935821
2016-04,Bronx,SBS,All,Off-Peak,16595339,157518442.8,9.491727936
2016-04,Bronx,SBS,All,Peak,8991196,79586445.6,8.851597229
2016-05,Bronx,SBS,All,Off-Peak,16837193,157953970.8,9.381253205
2016-05,Bronx,SBS,All,Peak,9095892,78785240.4,8.661628832
2016-06,Bronx,SBS,All,Off-Peak,16954088,158320944,9.338216482
2016-06,Bronx,SBS,All,Peak,9177376,80759224.8,8.799816505
2016-07,Bronx,SBS,All,Off-Peak,14762091,138815456.4,9.403509056
2016-07,Bronx,SBS,All,Peak,7487878,67851878.4,9.061563022
2016-08,Bronx,SBS,All,Off-Peak,17016049,160485940.8,9.431445619
2016-08,Bronx,SBS,All,Peak,8837084,81365983.2,9.207333912
2016-09,Bronx,SBS,All,Off-Peak,15582506,145134356.4,9.31392912
2016-09,Bronx,SBS,All,Peak,8601593,73127372.4,8.501608063
2016-10,Bronx,SBS,All,Off-Peak,15834436,149242150.8,9.425163662
2016-10,Bronx,SBS,All,Peak,8776403,75289989.6,8.578684183
2016-11,Bronx,SBS,All,Off-Peak,14853741,138606285.6,9.331405846
2016-11,Bronx,SBS,All,Peak,8032518,66626679.6,8.294619396
2016-12,Bronx,SBS,All,Off-Peak,14850501,137473196.4,9.257141991
2016-12,Bronx,SBS,All,Peak,7661806,63639169.2,8.306027221
2017-01,Bronx,SBS,All,Off-Peak,15849807,151440606,9.554728711
2017-01,Bronx,SBS,All,Peak,8717684,74876162.4,8.588997078
2017-02,Bronx,SBS,All,Off-Peak,14099130,131480121.6,9.325406717
2017-02,Bronx,SBS,All,Peak,7717538,65320588.8,8.463915409
2017-03,Bronx,SBS,All,Off-Peak,15530394,142163121.6,9.153864454
2017-03,Bronx,SBS,All,Peak,8270651,67963107.6,8.217383081
2017-04,Bronx,SBS,All,Off-Peak,15363257,142675164,9.286778448
2017-04,Bronx,SBS,All,Peak,8220799,71251614,8.66723709
2017-05,Bronx,SBS,All,Off-Peak,16395421,151459380,9.23790734
2017-05,Bronx,SBS,All,Peak,8331493,71200440,8.545940085
2017-06,Bronx,SBS,All,Off-Peak,16048531,147825043.2,9.211126127
2017-06,Bronx,SBS,All,Peak,8334905,72146732.4,8.655975371
2017-07,Bronx,SBS,All,Off-Peak,15408915,143619649.2,9.320555613
2017-07,Bronx,SBS,All,Peak,8003917,71967592.8,8.991546614
2017-08,Bronx,SBS,All,Off-Peak,17743918,167053726.8,9.414703494
2017-08,Bronx,SBS,All,Peak,9215116,84881502,9.211115953
2017-09,Bronx,SBS,All,Off-Peak,18512782,164299845.6,8.874940871
2017-09,Bronx,SBS,All,Peak,10151861,80922844.8,7.971232545
2017-10,Bronx,SBS,All,Off-Peak,21921717,194295038.4,8.863130493
2017-10,Bronx,SBS,All,Peak,11854574,93753540,7.908638472
2017-11,Bronx,SBS,All,Off-Peak,18968209,168907766.4,8.904782017
2017-11,Bronx,SBS,All,Peak,10365322,80926484.4,7.807425992
2017-12,Bronx,SBS,All,Off-Peak,18102176,161019957.6,8.895060881
2017-12,Bronx,SBS,All,Peak,9477549,75881361.6,8.006433056
2018-01,Bronx,SBS,BX12-SBS,Off-Peak,10381244,102146598,9.839533489
2018-01,Bronx,SBS,BX12-SBS,Peak,5819873,50380804.8,8.65668457
2018-01,Bronx,SBS,BX41-SBS,Off-Peak,4715150,40919187.6,8.678236663
2018-01,Bronx,SBS,BX41-SBS,Peak,2568027,20556172.8,8.004656026
2018-01,Bronx,SBS,BX6-SBS,Off-Peak,4501402,34925032.8,7.758701134
2018-01,Bronx,SBS,BX6-SBS,Peak,2414098,16544066.4,6.853104721
2018-02,Bronx,SBS,BX12-SBS,Off-Peak,9974253,97884655.2,9.813732938
2018-02,Bronx,SBS,BX12-SBS,Peak,5560153,48355491.6,8.696791545
2018-02,Bronx,SBS,BX41-SBS,Off-Peak,4620565,40565059.2,8.779242192
2018-02,Bronx,SBS,BX41-SBS,Peak,2527961,20650690.8,8.168911941
2018-02,Bronx,SBS,BX6-SBS,Off-Peak,4492263,34315758,7.638857743
2018-02,Bronx,SBS,BX6-SBS,Peak,2573206,17537378.4,6.815380657
2018-03,Bronx,SBS,BX12-SBS,Off-Peak,10745720,103965955.2,9.675103688
2018-03,Bronx,SBS,BX12-SBS,Peak,5742475,49321828.8,8.588949678
2018-03,Bronx,SBS,BX41-SBS,Off-Peak,4912476,42286356,8.607951672
2018-03,Bronx,SBS,BX41-SBS,Peak,2554327,20743329.6,8.120859076
2018-03,Bronx,SBS,BX6-SBS,Off-Peak,4302940,33045796.8,7.679818171
2018-03,Bronx,SBS,BX6-SBS,Peak,2332816,15817500,6.78043189
2018-04,Bronx,SBS,BX12-SBS,Off-Peak,10626873,102674962.8,9.661822702
2018-04,Bronx,SBS,BX12-SBS,Peak,5748315,50450328,8.776541995
2018-04,Bronx,SBS,BX41-SBS,Off-Peak,4736318,40795516.8,8.613339898
2018-04,Bronx,SBS,BX41-SBS,Peak,2408502,19389297.6,8.050355615
2018-04,Bronx,SBS,BX6-SBS,Off-Peak,4959521,39121430.4,7.88814694
2018-04,Bronx,SBS,BX6-SBS,Peak,2578122,17860665.6,6.927781385
2018-05,Bronx,SBS,BX12-SBS,Off-Peak,10139755,93956868,9.266187201
2018-05,Bronx,SBS,BX12-SBS,Peak,5043780,42110618.4,8.349019664
2018-05,Bronx,SBS,BX41-SBS,Off-Peak,4699207,39937284,8.498728402
2018-05,Bronx,SBS,BX41-SBS,Peak,2391146,18894906,7.902029403
2018-05,Bronx,SBS,BX6-SBS,Off-Peak,4985639,38394838.8,7.701086822
2018-05,Bronx,SBS,BX6-SBS,Peak,2456577,16837578,6.854081106
2018-06,Bronx,SBS,BX12-SBS,Off-Peak,9763395,91463104.8,9.367961124
2018-06,Bronx,SBS,BX12-SBS,Peak,5239170,45540666,8.692343635
2018-06,Bronx,SBS,BX41-SBS,Off-Peak,4699801,40254224.4,8.565091245
2018-06,Bronx,SBS,BX41-SBS,Peak,2335795,19242583.2,8.238130144
2018-06,Bronx,SBS,BX6-SBS,Off-Peak,5013257,38609103.6,7.701401225
2018-06,Bronx,SBS,BX6-SBS,Peak,2595342,18201344.4,7.013081282
2018-07,Bronx,SBS,BX12-SBS,Off-Peak,11035894,107482752,9.739378794
2018-07,Bronx,SBS,BX12-SBS,Peak,5203772,48985542,9.413468153
2018-07,Bronx,SBS,BX41-SBS,Off-Peak,4798859,42003655.2,8.752842124
2018-07,Bronx,SBS,BX41-SBS,Peak,2558195,21678123.6,8.473991858
2018-07,Bronx,SBS,BX6-SBS,Off-Peak,4926060,37625824.8,7.638117441
2018-07,Bronx,SBS,BX6-SBS,Peak,2877012,20074111.2,6.97741657
2018-08,Bronx,SBS,BX12-SBS,Off-Peak,11700037,114541376.4,9.789830271
2018-08,Bronx,SBS,BX12-SBS,Peak,5638016,54013068,9.580155147
2018-08,Bronx,SBS,BX41-SBS,Off-Peak,4934275,43283602.8,8.77202888
2018-08,Bronx,SBS,BX41-SBS,Peak,2664498,22755344.4,8.540199467
2018-08,Bronx,SBS,BX6-SBS,Off-Peak,5659279,43383373.2,7.665883446
2018-08,Bronx,SBS,BX6-SBS,Peak,3128555,22353390,7.144956697
2018-09,Bronx,SBS,BX12-SBS,Off-Peak,9345169,90563328,9.690924584
2018-09,Bronx,SBS,BX12-SBS,Peak,4800918,41283990,8.599186656
2018-09,Bronx,SBS,BX41-SBS,Off-Peak,4016991,35151681.6,8.750749404
2018-09,Bronx,SBS,BX41-SBS,Peak,2139026,17333074.8,8.103255781
2018-09,Bronx,SBS,BX6-SBS,Off-Peak,4627129,35332844.4,7.636018879
2018-09,Bronx,SBS,BX6-SBS,Peak,2617021,17684517.6,6.757499309
2018-10,Bronx,SBS,BX12-SBS,Off-Peak,10356007,99265179.6,9.585275444
2018-10,Bronx,SBS,BX12-SBS,Peak,5400667,44974047.6,8.327498733
2018-10,Bronx,SBS,BX41-SBS,Off-Peak,4824391,42420931.2,8.793012672
2018-10,Bronx,SBS,BX41-SBS,Peak,2569350,20600258.4,8.017692568
2018-10,Bronx,SBS,BX6-SBS,Off-Peak,5712509,44023251.6,7.706465163
2018-10,Bronx,SBS,BX6-SBS,Peak,3080242,21054834,6.835447994
2018-11,Bronx,SBS,BX12-SBS,Off-Peak,8362865,79895275.2,9.553577058
2018-11,Bronx,SBS,BX12-SBS,Peak,4043433,33588248.4,8.306864093
2018-11,Bronx,SBS,BX41-SBS,Off-Peak,3706750,32628006,8.80232171
2018-11,Bronx,SBS,BX41-SBS,Peak,1966505,15794874,8.031952118
2018-11,Bronx,SBS,BX6-SBS,Off-Peak,4857191,37228651.2,7.664646336
2018-11,Bronx,SBS,BX6-SBS,Peak,2703386,18427644,6.816504931
2018-12,Bronx,SBS,BX12-SBS,Off-Peak,8874775,83930860.8,9.457238161
2018-12,Bronx,SBS,BX12-SBS,Peak,4493803,38803179.6,8.634819906
2018-12,Bronx,SBS,BX41-SBS,Off-Peak,3827026,33888945.6,8.855164715
2018-12,Bronx,SBS,BX41-SBS,Peak,2066180,17082306,8.267578817
2018-12,Bronx,SBS,BX6-SBS,Off-Peak,4778946,37056855.6,7.754190066
2018-12,Bronx,SBS,BX6-SBS,Peak,2589157,18094208.4,6.98845547
2019-01,Bronx,SBS,BX12-SBS,Off-Peak,9526532,94684093.2,9.938988627
2019-01,Bronx,SBS,BX12-SBS,Peak,5386691,47764465.2,8.867125514
2019-01,Bronx,SBS,BX41-SBS,Off-Peak,4139654,38096326.8,9.202780426
2019-01,Bronx,SBS,BX41-SBS,Peak,2386223,20311617.6,8.512036637
2019-01,Bronx,SBS,BX6-SBS,Off-Peak,5239111,40946115.6,7.815470144
2019-01,Bronx,SBS,BX6-SBS,Peak,2995613,20542528.8,6.857537606
2019-02,Bronx,SBS,BX12-SBS,Off-Peak,9005224,85751762.4,9.522446349
2019-02,Bronx,SBS,BX12-SBS,Peak,5028386,43460002.8,8.642932901
2019-02,Bronx,SBS,BX41-SBS,Off-Peak,3882794,34843014,8.973696261
2019-02,Bronx,SBS,BX41-SBS,Peak,2191334,18178333.2,8.295555675
2019-02,Bronx,SBS,BX6-SBS,Off-Peak,4662365,36170222.4,7.757913076
2019-02,Bronx,SBS,BX6-SBS,Peak,2734177,18612921.6,6.807504269
2019-03,Bronx,SBS,BX12-SBS,Off-Peak,9693725,91367020.8,9.42537784
2019-03,Bronx,SBS,BX12-SBS,Peak,5179881,43498908,8.397665506
2019-03,Bronx,SBS,BX41-SBS,Off-Peak,4248806,37425160.8,8.808394829
2019-03,Bronx,SBS,BX41-SBS,Peak,2228894,18084002.4,8.113442093
2019-03,Bronx,SBS,BX6-SBS,Off-Peak,5088605,38876004,7.639815627
2019-03,Bronx,SBS,BX6-SBS,Peak,2848297,19255640.4,6.760404691
2019-04,Bronx,SBS,BX12-SBS,Off-Peak,10214191,95677869.6,9.367151016
2019-04,Bronx,SBS,BX12-SBS,Peak,5680795,49204602,8.661569727
2019-04,Bronx,SBS,BX41-SBS,Off-Peak,4597062,39955039.2,8.691429265
2019-04,Bronx,SBS,BX41-SBS,Peak,2456656,20383477.2,8.297245198
2019-04,Bronx,SBS,BX6-SBS,Off-Peak,5268897,40012009.2,7.594001021
2019-04,Bronx,SBS,BX6-SBS,Peak,2819753,19241506.8,6.823827052
2019-05,Bronx,SBS,BX12-SBS,Off-Peak,10011329,91587427.2,9.148378522
2019-05,Bronx,SBS,BX12-SBS,Peak,5125167,41881986,8.171828547
2019-05,Bronx,SBS,BX41-SBS,Off-Peak,4501090,39588184.8,8.795243996
2019-05,Bronx,SBS,BX41-SBS,Peak,2421634,20436213.6,8.439018283
2019-05,Bronx,SBS,BX6-SBS,Off-Peak,5149175,38664021.6,7.508779873
2019-05,Bronx,SBS,BX6-SBS,Peak,2719761,18255672,6.712233906
2019-06,Bronx,SBS,BX12-SBS,Off-Peak,9068108,82917280.8,9.143834723
2019-06,Bronx,SBS,BX12-SBS,Peak,4736472,39591525.6,8.358864066
2019-06,Bronx,SBS,BX41-SBS,Off-Peak,4313651,37961964,8.80042544
2019-06,Bronx,SBS,BX41-SBS,Peak,2302242,19431637.2,8.440310445
2019-06,Bronx,SBS,BX6-SBS,Off-Peak,4921100,36353689.2,7.387309585
2019-06,Bronx,SBS,BX6-SBS,Peak,2531023,16858148.4,6.660606561
2019-07,Bronx,SBS,BX12-SBS,Off-Peak,11588331,106089721.2,9.154874951
2019-07,Bronx,SBS,BX12-SBS,Peak,5317775,46819429.2,8.804326847
2019-07,Bronx,SBS,BX41-SBS,Off-Peak,5033384,45336034.8,9.007068565
2019-07,Bronx,SBS,BX41-SBS,Peak,2775381,24641974.8,8.878771888
2019-07,Bronx,SBS,BX6-SBS,Off-Peak,5195361,38598253.2,7.429368854
2019-07,Bronx,SBS,BX6-SBS,Peak,2782320,19128074.4,6.874865005
2019-08,Bronx,SBS,BX12-SBS,Off-Peak,11930092,111453040.8,9.342177814
2019-08,Bronx,SBS,BX12-SBS,Peak,5651510,51580209.6,9.126801439
2019-08,Bronx,SBS,BX41-SBS,Off-Peak,4718517,42938964,9.10009734
2019-08,Bronx,SBS,BX41-SBS,Peak,2594748,23522508,9.065430631
2019-08,Bronx,SBS,BX6-SBS,Off-Peak,4793748,35936380.8,7.496510205
2019-08,Bronx,SBS,BX6-SBS,Peak,2631946,18377640,6.982529277
2019-09,Bronx,SBS,BX12-SBS,Off-Peak,8676722,79120965.6,9.118762316
2019-09,Bronx,SBS,BX12-SBS,Peak,4457878,36145659.6,8.108265771
2019-09,Bronx,SBS,BX41-SBS,Off-Peak,4223252,37341025.2,8.84177056
2019-09,Bronx,SBS,BX41-SBS,Peak,2258714,18846306,8.343821307
2019-09,Bronx,SBS,BX6-SBS,Off-Peak,4480875,33445490.4,7.464053427
2019-09,Bronx,SBS,BX6-SBS,Peak,2388158,15959505.6,6.682767891
2019-10,Bronx,SBS,BX12-SBS,Off-Peak,9795535,90619045.2,9.251056241
2019-10,Bronx,SBS,BX12-SBS,Peak,5020042,41169265.2,8.200980231
2019-10,Bronx,SBS,BX41-SBS,Off-Peak,4952002,43992414,8.883763375
2019-10,Bronx,SBS,BX41-SBS,Peak,2638841,21817566,8.267859261
2019-10,Bronx,SBS,BX6-SBS,Off-Peak,5304937,40180856.4,7.574238186
2019-10,Bronx,SBS,BX6-SBS,Peak,2878763,19421251.2,6.746387667
2019-11,Bronx,SBS,BX12-SBS,Off-Peak,8125210,75747600,9.322540587
2019-11,Bronx,SBS,BX12-SBS,Peak,3942054,32500782,8.244631352
2019-11,Bronx,SBS,BX41-SBS,Off-Peak,4062072,36234536.4,8.920210277
2019-11,Bronx,SBS,BX41-SBS,Peak,2138239,17597768.4,8.230028729
2019-11,Bronx,SBS,BX6-SBS,Off-Peak,4872618,36920689.2,7.577177033
2019-11,Bronx,SBS,BX6-SBS,Peak,2660371,17774035.2,6.681036292
2019-12,Bronx,SBS,BX12-SBS,Off-Peak,8320767,77212756.8,9.279523967
2019-12,Bronx,SBS,BX12-SBS,Peak,4051021,34912015.2,8.61807806
2019-12,Bronx,SBS,BX41-SBS,Off-Peak,4243045,37878339.6,8.927159528
2019-12,Bronx,SBS,BX41-SBS,Peak,2182443,18206866.8,8.342424888
2019-12,Bronx,SBS,BX6-SBS,Off-Peak,4888101,37418644.8,7.65504739
2019-12,Bronx,SBS,BX6-SBS,Peak,2687351,18469486.8,6.872748219
2020-01,Bronx,SBS,BX12-SBS,Off-Peak,10463340,101438179.2,9.694627069
2020-01,Bronx,SBS,BX12-SBS,Peak,5838524,51143947.2,8.75973914
2020-01,Bronx,SBS,BX41-SBS,Off-Peak,4395840,40027561.2,9.105782103
2020-01,Bronx,SBS,BX41-SBS,Peak,2402462,20311246.8,8.454346749
2020-01,Bronx,SBS,BX6-SBS,Off-Peak,5422205,42075352.8,7.759823319
2020-01,Bronx,SBS,BX6-SBS,Peak,3076652,21495942,6.986796687
2020-02,Bronx,SBS,BX12-SBS,Off-Peak,9706048,93525613.2,9.635807818
2020-02,Bronx,SBS,BX12-SBS,Peak,5275216,46186934.4,8.755458431
2020-02,Bronx,SBS,BX41-SBS,Off-Peak,4020013,36777614.4,9.148630713
2020-02,Bronx,SBS,BX41-SBS,Peak,2125731,18013456.8,8.474005789
2020-02,Bronx,SBS,BX6-SBS,Off-Peak,4698195,36068799.6,7.677161037
2020-02,Bronx,SBS,BX6-SBS,Peak,2678131,18673952.4,6.972755403
2020-03,Bronx,SBS,BX12-SBS,Off-Peak,9769023,99613220.4,10.19684572
2020-03,Bronx,SBS,BX12-SBS,Peak,5333887,50942966.4,9.550814706
2020-03,Bronx,SBS,BX41-SBS,Off-Peak,3885638,37156809.6,9.562601972
2020-03,Bronx,SBS,BX41-SBS,Peak,2073390,19169492.4,9.245483194
2020-03,Bronx,SBS,BX6-SBS,Off-Peak,4963259,39485318.4,7.95552245
2020-03,Bronx,SBS,BX6-SBS,Peak,2735898,20294434.8,7.417833121
2020-04,Bronx,SBS,BX12-SBS,Off-Peak,7545847,82392166.8,10.91887588
2020-04,Bronx,SBS,BX12-SBS,Peak,3595596,39158661.6,10.89072899
2020-04,Bronx,SBS,BX41-SBS,Off-Peak,2831428,30062577.6,10.61746144
2020-04,Bronx,SBS,BX41-SBS,Peak,1437075,15444921.6,10.7474708
2020-04,Bronx,SBS,BX6-SBS,Off-Peak,3881311,34379323.2,8.857657426
2020-04,Bronx,SBS,BX6-SBS,Peak,1803487,15861708,8.795022088
2020-05,Bronx,SBS,BX12-SBS,Off-Peak,8083855,84652761.6,10.47183078
2020-05,Bronx,SBS,BX12-SBS,Peak,3682890,38213809.2,10.37603871
2020-05,Bronx,SBS,BX41-SBS,Off-Peak,3370508,34221434.4,10.1531978
2020-05,Bronx,SBS,BX41-SBS,Peak,1683560,17163255.6,10.19462068
2020-05,Bronx,SBS,BX6-SBS,Off-Peak,3798758,32757300,8.623160517
2020-05,Bronx,SBS,BX6-SBS,Peak,1785750,15356667.6,8.599561865
2020-06,Bronx,SBS,BX12-SBS,Off-Peak,9487829,94136482.8,9.921814864
2020-06,Bronx,SBS,BX12-SBS,Peak,5017511,49450438.8,9.855571577
2020-06,Bronx,SBS,BX41-SBS,Off-Peak,4274674,40103492.4,9.381649314
2020-06,Bronx,SBS,BX41-SBS,Peak,2332838,22037814,9.446782846
2020-06,Bronx,SBS,BX6-SBS,Off-Peak,5057474,40516621.2,8.011236677
2020-06,Bronx,SBS,BX6-SBS,Peak,2670353,20287450.8,7.597291744
2020-07,Bronx,SBS,BX12-SBS,Off-Peak,11078440,107959957.2,9.745050494
2020-07,Bronx,SBS,BX12-SBS,Peak,5314355,51376860,9.667562668
2020-07,Bronx,SBS,BX41-SBS,Off-Peak,4714101,42937369.2,9.108283679
2020-07,Bronx,SBS,BX41-SBS,Peak,2494782,22659426,9.08272787
2020-07,Bronx,SBS,BX6-SBS,Off-Peak,5005721,39196656,7.830371689
2020-07,Bronx,SBS,BX6-SBS,Peak,2721091,19883469.6,7.307168191
2020-08,Bronx,SBS,BX12-SBS,Off-Peak,10382188,100960333.2,9.724379216
2020-08,Bronx,SBS,BX12-SBS,Peak,5059661,49095504,9.703318859
2020-08,Bronx,SBS,BX41-SBS,Off-Peak,4595695,41598543.6,9.0516328
2020-08,Bronx,SBS,BX41-SBS,Peak,2444125,21939451.2,8.976403089
2020-08,Bronx,SBS,BX6-SBS,Off-Peak,4573541,35197970.4,7.695999752
2020-08,Bronx,SBS,BX6-SBS,Peak,2585476,18851706,7.291386963
2020-09,Bronx,SBS,BX12-SBS,Off-Peak,10312349,100504126.8,9.745997425
2020-09,Bronx,SBS,BX12-SBS,Peak,5433125,50851738.8,9.359574609
2020-09,Bronx,SBS,BX41-SBS,Off-Peak,4450456,40280389.2,9.050845397
2020-09,Bronx,SBS,BX41-SBS,Peak,2346685,20825629.2,8.874488566
2020-09,Bronx,SBS,BX6-SBS,Off-Peak,4743118,36401500.8,7.674593126
2020-09,Bronx,SBS,BX6-SBS,Peak,2501170,18199710,7.276478608
2020-10,Bronx,SBS,BX12-SBS,Off-Peak,10003316,97925324.4,9.789286313
2020-10,Bronx,SBS,BX12-SBS,Peak,5408013,50629528.8,9.361946578
2020-10,Bronx,SBS,BX41-SBS,Off-Peak,4633992,42760807.2,9.227639409
2020-10,Bronx,SBS,BX41-SBS,Peak,2375694,21264030,8.950660312
2020-10,Bronx,SBS,BX6-SBS,Off-Peak,4613946,35880220.8,7.776471766
2020-10,Bronx,SBS,BX6-SBS,Peak,2524100,18315572.4,7.256278436
2020-11,Bronx,SBS,BX12-SBS,Off-Peak,9717436,96627499.2,9.943723756
2020-11,Bronx,SBS,BX12-SBS,Peak,5187141,49137159.6,9.472879106
2020-11,Bronx,SBS,BX41-SBS,Off-Peak,4327318,40123976.4,9.272250479
2020-11,Bronx,SBS,BX41-SBS,Peak,2342412,20787138,8.874245009
2020-11,Bronx,SBS,BX6-SBS,Off-Peak,4420071,34280456.4,7.755634785
2020-11,Bronx,SBS,BX6-SBS,Peak,2134371,15456949.2,7.241922421
2020-12,Bronx,SBS,BX12-SBS,Off-Peak,9731825,95936554.8,9.858023012
2020-12,Bronx,SBS,BX12-SBS,Peak,4833027,46669190.4,9.656306576
2020-12,Bronx,SBS,BX41-SBS,Off-Peak,4477165,40663756.8,9.082478935
2020-12,Bronx,SBS,BX41-SBS,Peak,2339450,20767665.6,8.877157281
2020-12,Bronx,SBS,BX6-SBS,Off-Peak,4927802,38836335.6,7.881066569
2020-12,Bronx,SBS,BX6-SBS,Peak,2682049,19699966.8,7.345118154
2021-01,Bronx,SBS,BX12-SBS,Off-Peak,9994825,102536258.4,10.25893484
2021-01,Bronx,SBS,BX12-SBS,Peak,5323903,52804479.6,9.918377476
2021-01,Bronx,SBS,BX41-SBS,Off-Peak,4728342,44482183.2,9.407564681
2021-01,Bronx,SBS,BX41-SBS,Peak,2458268,22835487.6,9.289258779
2021-01,Bronx,SBS,BX6-SBS,Off-Peak,4715849,37681502.4,7.9903963
2021-01,Bronx,SBS,BX6-SBS,Peak,2664685,19703566.8,7.394332463
2021-02,Bronx,SBS,BX12-SBS,Off-Peak,8246707,79450653.6,9.634227771
2021-02,Bronx,SBS,BX12-SBS,Peak,4497211,41899194,9.316706288
2021-02,Bronx,SBS,BX41-SBS,Off-Peak,3745785,33452928,8.930819041
2021-02,Bronx,SBS,BX41-SBS,Peak,1909002,16930774.8,8.868914124
2021-02,Bronx,SBS,BX6-SBS,Off-Peak,3803183,29399374.8,7.730202517
2021-02,Bronx,SBS,BX6-SBS,Peak,2007336,14484344.4,7.215704994
2021-03,Bronx,SBS,BX12-SBS,Off-Peak,10353220,99180730.8,9.579698954
2021-03,Bronx,SBS,BX12-SBS,Peak,5612657,52241986.8,9.307888724
2021-03,Bronx,SBS,BX41-SBS,Off-Peak,4761963,42849964.8,8.998382558
2021-03,Bronx,SBS,BX41-SBS,Peak,2457848,22067643.6,8.97844114
2021-03,Bronx,SBS,BX6-SBS,Off-Peak,5217077,40133008.8,7.692623436
2021-03,Bronx,SBS,BX6-SBS,Peak,2847388,20484615.6,7.194177822
2021-04,Bronx,SBS,BX12-SBS,Off-Peak,10229472,97672345.2,9.548131634
2021-04,Bronx,SBS,BX12-SBS,Peak,5260067,49502120.4,9.410929633
2021-04,Bronx,SBS,BX41-SBS,Off-Peak,4253015,38233771.2,8.989803986
2021-04,Bronx,SBS,BX41-SBS,Peak,2132840,19229738.4,9.016024831
2021-04,Bronx,SBS,BX6-SBS,Off-Peak,4617159,34947932.4,7.569142063
2021-04,Bronx,SBS,BX6-SBS,Peak,2522487,17958852,7.119502301
2021-05,Bronx,SBS,BX12-SBS,Off-Peak,8372062,79831454.4,9.535459054
2021-05,Bronx,SBS,BX12-SBS,Peak,4372541,41122519.2,9.404718949
2021-05,Bronx,SBS,BX41-SBS,Off-Peak,3883515,34541103.6,8.894288705
2021-05,Bronx,SBS,BX41-SBS,Peak,2006669,17687419.2,8.814318256
2021-05,Bronx,SBS,BX6-SBS,Off-Peak,4187721,31050284.4,7.414601976
2021-05,Bronx,SBS,BX6-SBS,Peak,2012615,14268506.4,7.089535952
2021-06,Bronx,SBS,BX12-SBS,Off-Peak,8762488,84979692,9.698123638
2021-06,Bronx,SBS,BX12-SBS,Peak,4322473,41506700.4,9.602535493
2021-06,Bronx,SBS,BX41-SBS,Off-Peak,3966962,34886466,8.79425263
2021-06,Bronx,SBS,BX41-SBS,Peak,1964728,17210080.8,8.759523354
2021-06,Bronx,SBS,BX6-SBS,Off-Peak,4538643,33374361.6,7.353378884
2021-06,Bronx,SBS,BX6-SBS,Peak,2283530,16081905.6,7.04256375
2021-07,Bronx,SBS,BX12-SBS,Off-Peak,9709778,90566992.8,9.327400977
2021-07,Bronx,SBS,BX12-SBS,Peak,4782407,44827146,9.373344009
2021-07,Bronx,SBS,BX41-SBS,Off-Peak,3933247,34246731.6,8.70698728
2021-07,Bronx,SBS,BX41-SBS,Peak,2078394,18254678.4,8.783069235
2021-07,Bronx,SBS,BX6-SBS,Off-Peak,4169818,31044268.8,7.444993714
2021-07,Bronx,SBS,BX6-SBS,Peak,2117655,15033124.8,7.098948979
2021-08,Bronx,SBS,BX12-SBS,Off-Peak,10240175,96672790.8,9.440540889
2021-08,Bronx,SBS,BX12-SBS,Peak,5141941,48404847.6,9.413730652
2021-08,Bronx,SBS,BX41-SBS,Off-Peak,4453410,39522366,8.874630003
2021-08,Bronx,SBS,BX41-SBS,Peak,2295193,20343074.4,8.863339336
2021-08,Bronx,SBS,BX6-SBS,Off-Peak,3413581,25856614.8,7.574630513
2021-08,Bronx,SBS,BX6-SBS,Peak,1758063,12611113.2,7.173299933
2021-09,Bronx,SBS,BX12-SBS,Off-Peak,8036824,75278948.4,9.366753384
2021-09,Bronx,SBS,BX12-SBS,Peak,4424928,38814555.6,8.771793711
2021-09,Bronx,SBS,BX41-SBS,Off-Peak,2926363,24470038.8,8.361928715
2021-09,Bronx,SBS,BX41-SBS,Peak,1560075,12393615.6,7.94424345
2021-09,Bronx,SBS,BX6-SBS,Off-Peak,2575432,19395831.6,7.531098317
2021-09,Bronx,SBS,BX6-SBS,Peak,1169300,8238416.4,7.045596853
2021-10,Bronx,SBS,BX12-SBS,Off-Peak,8542965,80582619.6,9.432629023
2021-10,Bronx,SBS,BX12-SBS,Peak,4805830,41376704.4,8.609689565
2021-10,Bronx,SBS,BX41-SBS,Off-Peak,3234159,27307188,8.443365957
2021-10,Bronx,SBS,BX41-SBS,Peak,1539030,12071084.4,7.843306758
2021-10,Bronx,SBS,BX6-SBS,Off-Peak,3134060,23583600,7.524935706
2021-10,Bronx,SBS,BX6-SBS,Peak,1647117,11192950.8,6.795480103
2021-11,Bronx,SBS,BX12-SBS,Off-Peak,9383302,90175226.4,9.610180553
2021-11,Bronx,SBS,BX12-SBS,Peak,5102976,44332232.4,8.687525162
2021-11,Bronx,SBS,BX41-SBS,Off-Peak,3633344,31522136.4,8.675791888
2021-11,Bronx,SBS,BX41-SBS,Peak,1764186,13992523.2,7.93143308
2021-11,Bronx,SBS,BX6-SBS,Off-Peak,3779260,28155798,7.450082291
2021-11,Bronx,SBS,BX6-SBS,Peak,1882295,12712474.8,6.753710125
2021-12,Bronx,SBS,BX12-SBS,Off-Peak,9420619,91691802,9.733097369
2021-12,Bronx,SBS,BX12-SBS,Peak,5079057,45783756,9.014223703
2021-12,Bronx,SBS,BX41-SBS,Off-Peak,4031347,35455665.6,8.794992245
2021-12,Bronx,SBS,BX41-SBS,Peak,2005974,16507735.2,8.229286721
2021-12,Bronx,SBS,BX6-SBS,Off-Peak,3579097,27671882.4,7.731526248
2021-12,Bronx,SBS,BX6-SBS,Peak,1922490,13559392.8,7.053036843
2022-01,Bronx,SBS,BX12-SBS,Off-Peak,8771109,87938175.6,10.02589018
2022-01,Bronx,SBS,BX12-SBS,Peak,4910016,45802310.4,9.328342392
2022-01,Bronx,SBS,BX41-SBS,Off-Peak,3798825,33701950.8,8.871677637
2022-01,Bronx,SBS,BX41-SBS,Peak,1890448,15660946.8,8.284251564
2022-01,Bronx,SBS,BX6-SBS,Off-Peak,3479254,26647689.6,7.659023917
2022-01,Bronx,SBS,BX6-SBS,Peak,1860961,13173386.4,7.078808422
2022-02,Bronx,SBS,BX12-SBS,Off-Peak,8256782,78862500,9.551239212
2022-02,Bronx,SBS,BX12-SBS,Peak,4657939,40409344.8,8.675370115
2022-02,Bronx,SBS,BX41-SBS,Off-Peak,3301684,28644134.4,8.675613535
2022-02,Bronx,SBS,BX41-SBS,Peak,1699154,13427661.6,7.902557155
2022-02,Bronx,SBS,BX6-SBS,Off-Peak,3356308,25210861.2,7.511486193
2022-02,Bronx,SBS,BX6-SBS,Peak,1876477,12736692,6.787555616
2022-03,Bronx,SBS,BX12-SBS,Off-Peak,10437632,97984951.2,9.387661033
2022-03,Bronx,SBS,BX12-SBS,Peak,5976850,52313936.4,8.752760467
2022-03,Bronx,SBS,BX41-SBS,Off-Peak,4185750,36187128,8.645315176
2022-03,Bronx,SBS,BX41-SBS,Peak,2220951,17827959.6,8.027173765
2022-03,Bronx,SBS,BX6-SBS,Off-Peak,4061877,29839806,7.3463096
2022-03,Bronx,SBS,BX6-SBS,Peak,2084724,13939138.8,6.686323369
