month,lcl_average_speed,sbs_average_speed
2015-01,6.571180201,8.841411937
2015-02,6.362527065,8.380034442
2015-03,6.404413594,8.483460326
2015-04,6.577563244,8.864904794
2015-05,6.485797528,8.780783602
2015-06,6.571584366,8.846868417
2015-07,6.729590153,8.899310162
2015-08,6.771635213,9.060419614
2015-09,6.530574276,8.792495138
2015-10,6.377251134,8.609490271
2015-11,6.364815448,8.600286181
2015-12,6.502264464,8.682063492
2016-01,6.416946048,8.817595971
2016-02,6.50756074,8.848702495
2016-03,6.49669765,8.821935821
2016-04,6.491284433,8.851597229
2016-05,6.387296437,8.661628832
2016-06,6.496620627,8.799816505
2016-07,6.636859963,9.061563022
2016-08,6.750333864,9.207333912
2016-09,6.360902612,8.501608063
2016-10,6.420520133,8.578684183
2016-11,6.285019327,8.294619396
2016-12,6.403062528,8.306027221
2017-01,6.370278032,8.588997078
2017-02,6.317152533,8.463915409
2017-03,6.256651355,8.217383081
2017-04,6.45273169,8.66723709
2017-05,6.320392324,8.545940085
2017-06,6.404706313,8.655975371
2017-07,6.5584074,8.991546614
2017-08,6.633586983,9.211115953
2017-09,6.298319081,7.971232545
2017-10,6.277310881,7.908638472
2017-11,6.285585662,7.807425992
2017-12,6.420214799,8.006433056
2018-01,6.594323374,8.65668457
2018-01,7.568684157,8.004656026
2018-01,5.372879904,6.853104721
2018-02,7.585368411,8.696791545
2018-02,5.484773872,8.168911941
2018-02,5.37277631,6.815380657
2018-03,8.496141475,8.588949678
2018-03,6.342081273,8.120859076
2018-03,4.97672939,6.78043189
2018-04,5.535162447,8.776541995
2018-04,7.737168939,8.050355615
2018-04,6.177013403,6.927781385
2018-05,5.782515759,8.349019664
2018-05,10.76379204,7.902029403
2018-05,8.454530826,6.854081106
2018-06,6.608275035,8.692343635
2018-06,6.824813787,8.238130144
2018-06,6.279974132,7.013081282
2018-07,14.05167777,9.413468153
2018-07,6.27990699,8.473991858
2018-07,6.982865047,6.97741657
2018-08,6.988983396,9.580155147
2018-08,5.371793182,8.540199467
2018-08,5.601652097,7.144956697
2018-09,6.871875352,8.599186656
2018-09,5.134400394,8.103255781
2018-09,5.909637852,6.757499309
2018-10,6.593519434,8.327498733
2018-10,6.21375485,8.017692568
2018-10,5.944779488,6.835447994
2018-11,5.887670555,8.306864093
2018-11,6.643286534,8.031952118
2018-11,5.871296429,6.816504931
2018-12,9.213796094,8.634819906
2018-12,5.829402961,8.267578817
2018-12,7.811935016,6.98845547
2019-01,6.043682418,8.867125514
2019-01,6.088534871,8.512036637
2019-01,7.908386157,6.857537606
2019-02,5.71089626,8.642932901
2019-02,6.641521571,8.295555675
2019-02,7.630736863,6.807504269
2019-03,5.307622082,8.397665506
2019-03,7.618844116,8.113442093
2019-03,5.330206899,6.760404691
2019-04,5.386893378,8.661569727
2019-04,8.632937458,8.297245198
2019-04,6.339097598,6.823827052
2019-05,4.939785072,8.171828547
2019-05,5.524527768,8.439018283
2019-05,7.803733001,6.712233906
2019-06,6.133812687,8.358864066
2019-06,5.811442121,8.440310445
2019-06,10.99691067,6.660606561
2019-07,8.779798745,8.804326847
2019-07,6.633004763,8.878771888
2019-07,6.835091123,6.874865005
2019-08,6.349638299,9.126801439
2019-08,14.27851238,9.065430631
2019-08,6.229432053,6.982529277
2019-09,7.065395935,8.108265771
2019-09,7.092967017,8.343821307
2019-09,5.377324575,6.682767891
2019-10,5.545632177,8.200980231
2019-10,6.966287106,8.267859261
2019-10,5.162359558,6.746387667
2019-11,5.902205341,8.244631352
2019-11,6.822127699,8.230028729
2019-11,6.19174499,6.681036292
2019-12,5.965645398,8.61807806
2019-12,5.896706088,8.342424888
2019-12,6.739830117,6.872748219
2020-01,5.883588941,8.75973914
2020-01,9.237796546,8.454346749
2020-01,5.809667375,6.986796687
2020-02,7.941579866,8.755458431
2020-02,6.04223862,8.474005789
2020-02,6.068801773,6.972755403
2020-03,7.929811134,9.550814706
2020-03,5.691267389,9.245483194
2020-03,6.645056971,7.417833121
2020-04,7.615799693,10.89072899
2020-04,5.241435577,10.7474708
2020-04,7.579591999,8.795022088
2020-05,5.361392349,10.37603871
2020-05,5.368610811,10.19462068
2020-05,8.723354151,8.599561865
2020-06,6.286923831,9.855571577
2020-06,4.947296559,9.446782846
2020-06,5.548386596,7.597291744
2020-07,7.65166904,9.667562668
2020-07,6.051780233,9.08272787
2020-07,5.789794735,7.307168191
2020-08,10.87958659,9.703318859
2020-08,8.583004648,8.976403089
2020-08,6.528934338,7.291386963
2020-09,6.629434344,9.359574609
2020-09,6.282008783,8.874488566
2020-09,14.20167227,7.276478608
2020-10,6.210040535,9.361946578
2020-10,7.02688189,8.950660312
2020-10,7.06083863,7.256278436
2020-11,5.332718497,9.472879106
2020-11,5.475051925,8.874245009
2020-11,7.161301024,7.241922421
2020-12,5.025284188,9.656306576
2020-12,5.845087151,8.877157281
2020-12,6.680020914,7.345118154
2021-01,6.141949028,9.918377476
2021-01,5.903197672,9.289258779
2021-01,5.847896343,7.394332463
2021-02,6.672193189,9.316706288
2021-02,5.855943951,8.868914124
2021-02,9.731909179,7.215704994
2021-03,5.793159786,9.307888724
2021-03,7.804427335,8.97844114
2021-03,6.040585038,7.194177822
2021-04,6.135980287,9.410929633
2021-04,7.834240135,9.016024831
2021-04,5.742731329,7.119502301
2021-05,6.597786331,9.404718949
2021-05,7.68275694,8.814318256
2021-05,5.328112132,7.089535952
2021-06,7.615568005,9.602535493
2021-06,5.390906308,8.759523354
2021-06,5.495004612,7.04256375
2021-07,8.569465475,9.373344009
2021-07,6.372834582,8.783069235
2021-07,4.923643303,7.098948979
2021-08,5.456596714,9.413730652
2021-08,7.29167457,8.863339336
2021-08,6.219961294,7.173299933
2021-09,6.113786855,8.771793711
2021-09,4.788963826,7.94424345
2021-09,5.710957352,7.045596853
2021-10,11.05801677,8.609689565
2021-10,8.271925185,7.843306758
2021-10,6.444895721,6.795480103
2021-11,6.694778656,8.687525162
2021-11,6.265598966,7.93143308
2021-11,14.4762819,6.753710125
2021-12,6.304851347,9.014223703
2021-12,6.93951507,8.229286721
2021-12,7.007210605,7.053036843
2022-01,5.370127566,9.328342392
2022-01,5.634552355,8.284251564
2022-01,6.96442812,7.078808422
2022-02,5.231135491,8.675370115
2022-02,1.510332149,7.902557155
2022-02,5.875905013,6.787555616
2022-03,6.621104171,8.752760467
2022-03,6.122559311,8.027173765
2022-03,5.845365297,6.686323369
,5.88197993,
,6.611570073,
,5.796537462,
,9.889169172,
,5.752373783,
,7.780806847,
,6.131679456,
,6.156135237,
,7.826917535,
,5.741601842,
,6.380976941,
,7.269949176,
,5.212813146,
,7.088437078,
,5.336190797,
,5.343317659,
,7.625542469,
,6.123488465,
,4.868933969,
,5.335530154,
,7.200318525,
,7.839912221,
,5.857539976,
,5.451881236,
,10.76794885,
,8.188522818,
,6.180807265,
,6.490924727,
,5.954197429,
,14.03932241,
,6.147028797,
,6.630939175,
,6.899173152,
,5.271326007,
,5.340284497,
,6.160231,
,5.136134154,
,5.724183583,
,6.114407427,
,5.87336829,
,5.707665464,
,5.734452302,
,6.514569192,
,5.695061683,
,9.771574415,
,5.663870789,
,7.481220271,
,6.06598085,
,6.031519549,
,7.754815314,
,5.60511222,
,6.581193215,
,7.658455146,
,5.500527656,
,7.402758362,
,5.541277254,
,5.486065172,
,7.936415565,
,6.318236019,
,4.910146924,
,5.44649204,
,7.491292567,
,5.51487503,
,6.080898336,
,5.741205043,
,10.95674112,
,8.319724652,
,6.560313832,
,6.680588034,
,6.219268166,
,14.11453272,
,5.152654305,
,6.444571054,
,6.986310928,
,7.078214149,
,5.368092588,
,5.55455152,
,6.556166057,
,5.404660667,
,5.909804861,
,6.522077475,
,6.13680744,
,5.981281539,
,5.851802594,
,6.662934918,
,5.76227748,
,9.417998044,
,5.791333822,
,7.733356236,
,6.280953681,
,6.178464242,
,7.9445966,
,5.705350215,
,6.720784957,
,7.63948746,
,5.530480159,
,9.525710216,
,5.520678999,
,5.601244488,
,8.151090608,
,6.452787837,
,4.93109565,
,5.515770071,
,7.83467994,
,7.53694871,
,6.246307177,
,5.937562134,
,11.2275165,
,8.765914149,
,6.795239074,
,6.951822544,
,6.361043682,
,14.09395805,
,6.53190621,
,7.142435398,
,7.200653883,
,5.479669537,
,5.937984699,
,6.58806496,
,5.555327105,
,6.015220207,
,6.747617762,
,6.334889406,
,6.008736274,
,6.00159744,
,6.946169746,
,6.053570046,
,9.866597564,
,5.833382062,
,8.307821233,
,6.257633048,
,6.245571253,
,7.804112862,
,5.896920503,
,6.704189539,
,7.774479447,
,5.553190701,
,9.644273701,
,5.61219879,
,5.556027597,
,8.327115021,
,6.484857904,
,4.946668946,
,5.495483449,
,7.957258674,
,5.954630715,
,6.291858155,
,6.040016951,
,11.34586361,
,8.810514347,
,6.928718383,
,6.956172697,
,6.44148821,
,14.11753421,
,6.626991891,
,7.287799288,
,7.311164554,
,5.479714514,
,6.03014591,
,6.753829487,
,5.611404144,
,6.049529876,
,6.993260776,
,6.255586272,
,6.039022128,
,5.985137768,
,6.907233571,
,6.008328183,
,10.41676989,
,5.902569996,
,8.387440132,
,6.296870512,
,6.292004533,
,7.828229537,
,5.875032546,
,6.350913385,
,7.285981007,
,5.261110158,
,7.505891975,
,5.36846939,
,5.309887956,
,7.777649048,
,6.063462714,
,4.869430886,
,5.298111853,
,7.427015924,
,6.765942245,
,6.001407192,
,5.60298063,
,10.8725161,
,8.208314194,
,6.234541355,
,6.446570947,
,5.926162582,
,14.06379403,
,6.29831448,
,6.565994159,
,6.993718049,
,5.145067592,
,5.418295788,
,6.339114296,
,5.248376604,
,5.774319155,
,6.135675698,
,5.872591505,
,5.558902428,
,5.729242509,
,6.589097926,
,5.736315761,
,9.657692022,
,5.592222349,
,7.628224818,
,16.08859935,
,6.010105768,
,6.161704826,
,3.835223432,
,7.636894285,
,5.661134255,
,6.34279681,
,7.177498377,
,5.249086602,
,4.644934413,
,7.368241599,
,5.334396321,
,5.33735232,
,7.735741047,
,6.062323747,
,4.88241994,
,5.412810978,
,7.204978098,
,7.231458774,
,5.916920876,
,5.561190863,
,10.80608673,
,8.0884284,
,6.340047773,
,6.499072304,
,5.924915115,
,14.18814584,
,6.197698948,
,6.579666392,
,6.896986774,
,5.218436505,
,5.414440376,
,6.378847577,
,4.256764428,
,5.138287329,
,5.753610209,
,6.138652209,
,5.925001558,
,5.6702695,
,5.69952784,
,6.505380069,
,5.660652299,
,9.823422919,
,5.617476794,
,7.429937784,
,8.65313569,
,6.039339938,
,6.046358757,
,7.579290625,
,5.57481384,
,6.287964302,
,7.087478072,
,5.330124425,
,7.290401571,
,5.324696842,
,5.366740909,
,7.604871853,
,6.156748327,
,4.891298795,
,5.360168292,
,7.153653662,
,10.37813765,
,6.012944377,
,5.469848851,
,10.69166414,
,8.103014285,
,6.290032642,
,6.479655492,
,5.900574555,
,13.96494311,
,6.171452813,
,6.552044072,
,6.857597392,
,5.18417704,
,5.340886823,
,6.361113795,
,2.558978573,
,5.226743354,
,5.737695642,
,6.147909811,
,5.947071644,
,5.582268847,
,5.735235207,
,6.529756469,
,5.726065347,
,9.58916146,
,5.613748728,
,7.422242623,
,4.161695488,
,6.068372204,
,6.010825109,
,7.620148138,
,5.643206899,
,6.456092152,
,7.559339612,
,5.374929979,
,7.504072415,
,5.372369305,
,5.464893827,
,8.469661828,
,6.307877707,
,5.04935143,
,5.729161921,
,7.549286936,
,5.700536125,
,6.087991395,
,5.692786284,
,10.68608417,
,8.168919773,
,6.550997821,
,6.724318437,
,6.184552246,
,14.16580772,
,6.287283383,
,6.897213008,
,7.038979022,
,5.367749074,
,5.593568247,
,6.989232223,
,5.288158011,
,5.916590249,
,6.461086634,
,6.139808331,
,5.808733162,
,5.886750981,
,6.748033795,
,5.848005763,
,9.871208453,
,5.732296755,
,7.638035118,
,7.532006126,
,6.122400049,
,6.189154853,
,7.719407684,
,5.775434739,
,6.588359936,
,5.370661162,
,7.810835775,
,5.401311207,
,5.424423146,
,4.680219111,
,8.530778184,
,6.293302782,
,5.238384289,
,5.516401679,
,8.452657688,
,8.507649254,
,6.276475765,
,5.839269344,
,10.82138199,
,8.121751508,
,6.703610557,
,6.824412437,
,6.341642963,
,14.59881961,
,6.314502673,
,7.109208723,
,7.217906228,
,5.361982198,
,5.503347031,
,7.123124371,
,1.382800983,
,5.200327806,
,5.914311312,
,6.672521937,
,6.163443057,
,5.879012346,
,5.874929651,
,5.963059592,
,6.862729161,
,5.873793973,
,9.290173602,
,5.796344664,
,7.791226394,
,5.781925344,
,6.051295308,
,6.088049492,
,7.71327424,
,5.825675531,
,6.523378328,
,5.289019095,
,7.586057388,
,5.35548778,
,5.418209769,
,8.444500742,
,6.252455347,
,5.216537076,
,5.446428546,
,8.433191269,
,6.216299709,
,5.705488956,
,10.69359965,
,8.043226722,
,6.526607172,
,6.797880086,
,6.229057397,
,14.40994479,
,6.15987513,
,6.994638352,
,7.105837771,
,5.328781321,
,5.470568071,
,7.105304779,
,5.141129857,
,5.851600047,
,6.584493309,
,6.064038356,
,5.810906386,
,5.964992469,
,6.726960557,
,5.82085741,
,9.337501357,
,5.714324847,
,7.681238503,
,5.982429645,
,6.110177599,
,7.653931291,
,5.727789315,
,6.511187946,
,5.188167354,
,7.398059288,
,5.401999108,
,5.441250343,
,8.449055545,
,6.02333368,
,5.170015909,
,5.396947903,
,8.38205162,
,6.05641263,
,5.628867785,
,10.76224519,
,8.129644365,
,6.438444384,
,6.684962096,
,6.145891022,
,14.53126613,
,6.133880838,
,6.857847884,
,6.954335305,
,5.243957364,
,5.322254294,
,7.16401395,
,5.031775122,
,5.755149914,
,6.576863578,
,5.969135122,
,5.766332107,
,5.955996145,
,6.610320567,
,5.805966602,
,9.471803756,
,5.635842849,
,7.624284741,
,5.921494527,
,6.042244296,
,7.603311938,
,5.733429355,
,6.658527306,
,5.364440352,
,7.474529903,
,5.470032335,
,5.549867293,
,8.6862418,
,6.24427843,
,5.212526596,
,5.526072917,
,8.633128626,
,6.208683167,
,5.732156481,
,10.91513375,
,8.177091931,
,6.581037092,
,6.755355653,
,6.408713219,
,14.43009569,
,6.266445019,
,7.156066828,
,7.195581798,
,5.328742102,
,5.572358593,
,7.333668767,
,5.121187168,
,5.898909634,
,6.752075397,
,6.030680129,
,5.768882997,
,6.030932782,
,6.686964385,
,5.843409498,
,9.754471704,
,5.708157331,
,7.788232188,
,6.035262499,
,6.191195628,
,7.696011328,
,5.817334703,
,6.508650288,
,5.291201841,
,7.128757095,
,5.336897136,
,5.479450173,
,8.46532831,
,6.040405801,
,4.865907145,
,5.393195659,
,8.336720514,
,5.942367708,
,5.519475478,
,10.84606405,
,8.043689325,
,6.323478218,
,6.54687762,
,6.196613184,
,14.03786681,
,6.047254122,
,6.81002317,
,6.962156537,
,5.176077831,
,5.289535387,
,6.993437352,
,5.013882585,
,5.577772348,
,6.448635892,
,5.789276246,
,5.447407614,
,5.906854168,
,6.876702896,
,5.704535984,
,9.238464283,
,5.349929583,
,7.366676633,
,5.94242286,
,6.086677764,
,7.676082284,
,5.680886346,
,6.509990896,
,5.3302745,
,7.214545343,
,5.344735319,
,5.380645406,
,8.463055083,
,6.222483082,
,4.943592296,
,5.438795609,
,8.580536944,
,6.145254038,
,5.64755066,
,10.85034296,
,8.024700087,
,6.435903879,
,6.951691287,
,6.248670557,
,13.8819654,
,6.107672801,
,6.863870144,
,6.984627232,
,5.208624873,
,5.172926645,
,6.982419554,
,5.11128684,
,5.583895701,
,6.47005032,
,5.931762962,
,5.774521616,
,5.921805671,
,6.787579755,
,5.75436196,
,9.412078241,
,5.636517248,
,7.554468405,
,5.838974055,
,6.158519854,
,7.745798912,
,5.720021909,
,6.695750644,
,5.589638805,
,9.598458503,
,5.585051852,
,5.553428331,
,8.643862955,
,6.367080469,
,5.025669914,
,5.468765888,
,8.925199281,
,6.349440367,
,5.827934579,
,11.06701376,
,8.272481232,
,6.517988357,
,6.905490902,
,6.356337699,
,14.14577024,
,6.478629776,
,7.171642895,
,7.168242058,
,5.404032441,
,5.800024146,
,7.326914263,
,5.293693127,
,5.933298052,
,6.769272809,
,6.040005507,
,5.995146979,
,5.985698686,
,7.024488866,
,5.922724835,
,9.781526083,
,5.804720377,
,8.257357372,
,6.068856488,
,6.318447683,
,7.881919112,
,5.779706188,
,6.749799345,
,5.643700133,
,9.794642139,
,5.55606053,
,5.60066014,
,8.698983394,
,6.469038782,
,5.077581118,
,5.540397633,
,9.133972802,
,6.496455229,
,5.930421316,
,11.18961052,
,8.61215791,
,6.615824797,
,6.949400356,
,6.473780439,
,14.49705334,
,6.696923812,
,7.323314301,
,7.278355675,
,5.585654691,
,5.960947577,
,7.350479701,
,5.300049348,
,5.988198231,
,6.910225516,
,6.136563073,
,5.992140971,
,6.035527851,
,7.174378619,
,6.080422087,
,9.974028365,
,5.846789898,
,8.399671955,
,6.194834332,
,6.375429105,
,7.967964384,
,5.831743389,
,6.41472152,
,5.122467281,
,7.066861239,
,5.16629307,
,5.337748503,
,7.970742202,
,5.980193667,
,4.901172208,
,5.348722421,
,6.904659457,
,5.9902433,
,5.493020139,
,10.78408949,
,8.222208319,
,6.104103867,
,6.592202853,
,6.082328736,
,14.1552613,
,5.923169163,
,6.77660124,
,6.86767033,
,5.036656367,
,5.260417695,
,6.567500896,
,4.63558438,
,5.524475063,
,6.412102064,
,5.708660657,
,5.673204266,
,5.725568986,
,6.67736475,
,5.726360975,
,9.529585282,
,5.539773502,
,7.484002736,
,5.869980797,
,6.156469029,
,7.602902368,
,5.617859599,
,6.545187388,
,5.245677429,
,7.199175501,
,5.195330403,
,5.400929107,
,7.678708423,
,6.037964886,
,4.979710945,
,5.489846039,
,6.925857831,
,6.066016093,
,5.578111398,
,10.67044263,
,8.278946312,
,6.12427948,
,6.604090263,
,6.022157393,
,14.27383824,
,6.033693269,
,6.689048281,
,6.892734143,
,5.161125598,
,5.243647172,
,6.446476696,
,4.876718342,
,5.650299438,
,6.378328673,
,5.770545448,
,5.692509398,
,5.759159538,
,6.678619743,
,5.714768163,
,9.67667162,
,5.604743825,
,7.524382857,
,6.00805931,
,6.075393157,
,7.682340594,
,5.656367703,
,6.492054834,
,5.112417323,
,7.116025255,
,5.120511026,
,5.415767029,
,7.591750044,
,6.125375561,
,4.959020374,
,5.494484441,
,6.876213262,
,6.093399506,
,5.616378356,
,10.65530004,
,8.462525842,
,6.275740843,
,6.550981098,
,6.067192844,
,14.25084904,
,6.113210875,
,6.70565225,
,6.910801584,
,5.199180426,
,5.399420598,
,6.263007166,
,4.829283145,
,5.700226629,
,6.389123458,
,5.957667917,
,5.657028851,
,5.76269247,
,6.660852858,
,5.708240231,
,9.502360759,
,5.590317407,
,7.52901606,
,5.946072964,
,6.086770743,
,7.736348632,
,5.673051434,
,6.597874982,
,5.225774321,
,7.457477373,
,5.097682146,
,5.529119317,
,7.881503812,
,6.27524484,
,5.029848707,
,5.741985025,
,7.098112291,
,6.286953647,
,5.728506838,
,10.64945015,
,8.520902358,
,6.369719155,
,6.718352592,
,6.263366332,
,14.32112775,
,6.169045272,
,6.918303129,
,7.076686731,
,5.321517798,
,5.563564008,
,6.639242694,
,5.003163198,
,5.750467393,
,6.504869938,
,6.044320334,
,5.90142685,
,5.835877934,
,6.657427225,
,5.837211125,
,9.699367156,
,5.764495091,
,7.648571105,
,6.01949067,
,6.168292325,
,7.813402248,
,5.619283639,
,6.672824669,
,7.587958896,
,5.292915539,
,7.684186922,
,5.564631317,
,5.558495254,
,7.52600293,
,6.184176671,
,4.999748455,
,5.469764465,
,7.288212183,
,6.204520981,
,5.815442418,
,10.97770685,
,8.641081242,
,6.475446604,
,6.752207598,
,6.284534922,
,14.7440719,
,6.399324098,
,6.981363233,
,7.111279747,
,5.269096657,
,5.659340884,
,6.505569727,
,5.006213641,
,5.709586743,
,6.685276786,
,5.959535403,
,5.863473691,
,5.874797782,
,6.786342014,
,5.846504123,
,9.590468886,
,5.694527285,
,7.730252338,
,6.109746225,
,6.165926491,
,7.884685214,
,5.810536388,
,6.571151673,
,7.587473347,
,5.212758483,
,7.605441659,
,5.646781768,
,5.477842248,
,7.754109578,
,6.200329727,
,4.867075498,
,5.461481358,
,7.227420008,
,6.066350624,
,5.773290918,
,10.94604833,
,8.785547008,
,6.421788818,
,6.524204773,
,6.194731591,
,14.57687134,
,6.292776425,
,6.868374085,
,7.002299827,
,5.205413944,
,5.515124151,
,6.566960256,
,5.136606478,
,5.656097912,
,6.699503587,
,5.971555439,
,5.669910687,
,5.873921504,
,6.79722917,
,5.868347778,
,9.57847186,
,5.584493013,
,7.841068914,
,6.019638514,
,6.002502212,
,7.893894903,
,5.767631501,
,6.964615271,
,8.377337807,
,5.745008613,
,8.337637394,
,6.085051692,
,5.887341541,
,8.814298529,
,6.653363663,
,5.126503897,
,5.755307639,
,7.926240831,
,6.545659612,
,6.091254257,
,11.31672428,
,9.154895523,
,6.804437394,
,6.986932081,
,6.632975759,
,15.02891691,
,7.074235412,
,7.38748907,
,7.618825437,
,5.68556004,
,6.018902408,
,7.393923863,
,5.749265709,
,6.116352245,
,7.079191944,
,6.270616084,
,6.186577744,
,6.099376807,
,7.349067592,
,6.149123622,
,10.29840887,
,6.064420025,
,8.487013287,
,6.422488487,
,6.53536194,
,8.070751358,
,6.088829942,
,7.699181863,
,9.867126994,
,6.663657489,
,10.46438184,
,6.922364026,
,6.389657571,
,10.7020111,
,7.90085517,
,5.82841466,
,6.511315208,
,7.755623676,
,7.252455775,
,11.87303771,
,10.58148002,
,7.911537567,
,7.872237624,
,7.524920424,
,15.12107119,
,8.24217826,
,8.28281577,
,8.863897014,
,6.973464017,
,7.916275429,
,8.897709618,
,6.880796664,
,6.751469924,
,8.065952299,
,7.147003837,
,6.976018087,
,7.215852797,
,8.299817804,
,7.221249508,
,11.06085968,
,7.180756137,
,10.62753871,
,7.609950893,
,7.616906346,
,9.133572435,
,6.856311301,
,7.427325698,
,9.466439842,
,6.353715408,
,10.04549682,
,6.752644881,
,6.194843707,
,10.29289198,
,7.529286893,
,5.719209229,
,6.418610516,
,7.432044372,
,7.097232196,
,11.5627441,
,10.57415226,
,7.706889339,
,7.630767122,
,7.3452054,
,14.3971073,
,7.863065136,
,8.063184296,
,8.680704347,
,6.371989335,
,7.509639082,
,8.308965899,
,6.606992213,
,6.554299831,
,7.933237852,
,7.044617071,
,6.609413032,
,6.958207586,
,8.000310975,
,7.099870142,
,10.79003033,
,6.726579722,
,10.35133572,
,7.49531813,
,7.408326297,
,8.979409788,
,6.689380126,
,7.288908769,
,8.898495378,
,5.860995497,
,8.811949186,
,6.250500666,
,6.151016543,
,9.227092911,
,6.958014982,
,5.161238683,
,6.072771089,
,8.824409392,
,6.641919626,
,6.478784001,
,11.69649109,
,9.766365429,
,7.16788786,
,7.241959269,
,6.785281597,
,14.78397998,
,7.27979762,
,7.649995093,
,7.867787628,
,5.881994937,
,6.401534741,
,7.460809224,
,5.90271,
,6.278063892,
,7.380232747,
,6.534836611,
,6.336425883,
,6.3432867,
,7.545942784,
,6.288838791,
,10.42165271,
,6.283097625,
,8.862570121,
,6.571210452,
,6.669980121,
,8.290751759,
,6.275317398,
,7.243692274,
,8.689791949,
,5.746476347,
,10.24021837,
,6.086809077,
,5.940038716,
,8.950143634,
,6.828690127,
,5.105943773,
,6.006956843,
,8.714502027,
,6.560585648,
,6.373647815,
,11.50260089,
,9.509765113,
,7.056838344,
,7.174756411,
,6.751691184,
,15.0627988,
,6.804969559,
,7.553735425,
,7.762172282,
,5.661745925,
,6.223683369,
,7.349506035,
,5.065632816,
,6.166613577,
,7.336272278,
,6.320197582,
,6.18431192,
,6.257134586,
,7.361650238,
,6.300260728,
,10.42665591,
,6.121059492,
,8.899324895,
,6.436280549,
,6.541697636,
,8.164372052,
,6.122787223,
,7.155360098,
,8.650098033,
,5.795045365,
,10.29668929,
,6.020908352,
,5.958517618,
,8.919008507,
,6.720745018,
,5.096042933,
,5.7418426,
,8.631805775,
,6.541835824,
,6.253988704,
,11.58409057,
,9.403472683,
,7.075879649,
,7.082312745,
,6.745924974,
,14.8993196,
,6.869183672,
,7.546520096,
,7.779559537,
,5.639979848,
,6.135234656,
,7.262392599,
,5.102180658,
,6.217384096,
,7.277722751,
,6.299242701,
,6.117177752,
,6.250507553,
,7.400686089,
,6.264828976,
,10.20868285,
,6.06441001,
,8.748889296,
,6.372859291,
,6.600967372,
,7.990347539,
,6.088354483,
,7.075367272,
,8.312299381,
,5.695879262,
,8.23317684,
,6.021120909,
,5.938268298,
,8.645986623,
,6.74596664,
,5.094111445,
,5.710401662,
,8.434523724,
,6.502571549,
,6.119284268,
,11.43304169,
,9.423213842,
,6.867048975,
,7.218203341,
,6.612185718,
,14.95591025,
,6.775306592,
,7.546147579,
,7.688393461,
,5.722027121,
,5.949519372,
,7.152538177,
,5.058288476,
,6.0925051,
,7.128946509,
,6.27444625,
,6.215316164,
,6.120807333,
,7.199935239,
,6.179198357,
,10.19241052,
,6.063382259,
,8.264972757,
,6.37159953,
,6.523468272,
,8.047313263,
,6.053016756,
,6.968705323,
,8.256540415,
,5.638591818,
,8.176691943,
,5.981505206,
,5.873357991,
,8.728148486,
,6.708221606,
,5.114169501,
,5.73604148,
,8.373968992,
,6.448495063,
,6.123576658,
,11.25849447,
,9.276692231,
,6.868299719,
,7.100330963,
,6.632981075,
,15.12380536,
,6.839987961,
,7.476561321,
,7.626874048,
,5.710214861,
,5.929806932,
,7.199536449,
,5.008157991,
,6.1046661,
,7.047482644,
,6.274904844,
,6.139848151,
,6.18749996,
,7.231118093,
,6.165607092,
,10.56430485,
,6.089239748,
,8.138708797,
,6.424183218,
,6.412443555,
,8.062437034,
,6.077391948,
,7.01244625,
,8.269086018,
,5.646846361,
,8.378495723,
,5.956544036,
,5.910658738,
,8.740267748,
,6.801976747,
,5.17076075,
,5.746865763,
,8.457132454,
,6.496915625,
,6.193818565,
,11.37279239,
,9.2636196,
,6.88170767,
,7.046243829,
,6.672152264,
,15.31695221,
,6.905676292,
,7.528451175,
,7.810763341,
,5.750745487,
,5.941648534,
,7.340470151,
,5.047320004,
,6.036229753,
,7.145924233,
,6.378964207,
,6.077403423,
,6.177116967,
,7.223534139,
,6.23241131,
,10.27416123,
,6.096766418,
,8.287734857,
,6.36420147,
,6.566196728,
,8.208324125,
,6.082115205,
,6.940204336,
,8.314746742,
,5.590826043,
,8.342775459,
,5.848537387,
,5.942300974,
,8.812146251,
,6.841667584,
,5.191157487,
,5.759764516,
,8.376266744,
,6.505946182,
,6.195963554,
,11.35692567,
,9.289400063,
,6.862709057,
,7.035073049,
,6.726106756,
,15.23747606,
,6.964345856,
,7.569014585,
,7.723667713,
,5.777934222,
,6.228703606,
,7.463596371,
,5.009444471,
,6.124853296,
,7.031903387,
,6.324242421,
,6.314100435,
,6.201378493,
,7.182148936,
,6.206847835,
,10.33357491,
,6.11108121,
,8.515326138,
,6.493784051,
,6.757620379,
,8.219312474,
,6.095503608,
,7.108774843,
,8.468237141,
,5.806661701,
,8.66447485,
,5.875189867,
,6.067878647,
,9.113363166,
,6.981265057,
,5.261328809,
,5.863817859,
,8.562143416,
,6.635423685,
,6.268263588,
,11.60499702,
,9.63372636,
,6.993785705,
,7.493362925,
,6.875056027,
,15.64267836,
,7.08006654,
,7.750096865,
,7.896600248,
,5.935020667,
,6.469894647,
,7.611766543,
,5.123193571,
,6.204017326,
,7.39277741,
,6.478700539,
,6.377781646,
,6.239444016,
,7.527862091,
,6.265697201,
,10.62158752,
,6.233362672,
,8.474056463,
,6.476813763,
,6.945502028,
,8.22896012,
,6.291687112,
,6.96750269,
,8.28919876,
,5.681706207,
,8.234045851,
,5.770436764,
,5.885256291,
,8.819545662,
,6.84414588,
,5.170532874,
,5.769155869,
,8.001543119,
,6.508927738,
,6.131359953,
,11.29569819,
,9.526069833,
,6.935927111,
,7.029001282,
,6.703380983,
,15.27054541,
,6.92158903,
,7.538622987,
,7.732425002,
,5.805934042,
,6.275162556,
,7.189676194,
,5.105896196,
,6.130265521,
,7.105771923,
,6.399110461,
,6.217167243,
,6.171284492,
,7.284719413,
,6.149580214,
,9.545107621,
,6.159755676,
,8.115740856,
,6.39931451,
,6.722902417,
,8.093814046,
,6.149596606,
,7.02633006,
,8.318712167,
,5.636235214,
,8.122854124,
,5.885130228,
,5.947367686,
,8.822804238,
,6.712639337,
,5.166683179,
,5.767078988,
,8.19505303,
,6.457117282,
,6.124093022,
,11.52821145,
,9.409257932,
,6.826850288,
,7.202269304,
,6.711804184,
,15.37456412,
,6.801742993,
,7.530349462,
,7.786813878,
,5.754064015,
,6.120818478,
,7.362426547,
,5.109557878,
,6.034476324,
,7.18216482,
,6.349038474,
,6.067368227,
,6.181546194,
,7.294841476,
,6.091749009,
,10.51649046,
,6.062714265,
,8.204685628,
,6.394947736,
,6.78683087,
,8.13893196,
,6.141389776,
,7.009939609,
,8.221220284,
,5.668997637,
,8.162972889,
,6.002382652,
,5.952062515,
,8.716641472,
,6.639086438,
,5.108226999,
,5.692386692,
,8.184427475,
,6.534448013,
,6.05901485,
,11.47319543,
,9.303081586,
,6.786169564,
,7.044143239,
,6.597656546,
,14.91165321,
,6.956891219,
,7.376573934,
,7.687131079,
,5.755672541,
,6.028493238,
,7.255609169,
,5.012610554,
,6.035473839,
,7.02760286,
,6.297316913,
,6.129797179,
,6.171703385,
,7.18378756,
,6.074084863,
,9.646124142,
,5.996999519,
,8.20617569,
,6.375093057,
,6.681696789,
,8.173610365,
,6.098088397,
,6.88601342,
,8.146605678,
,5.631580914,
,8.121207417,
,6.018457727,
,5.924347744,
,8.627223909,
,6.564048294,
,5.033551311,
,5.709876463,
,8.077944363,
,6.4341763,
,6.061947775,
,11.42672338,
,9.269930664,
,6.704310452,
,6.899756843,
,6.577872595,
,14.64921414,
,6.882716408,
,7.383369954,
,7.615010391,
,5.615511464,
,5.848441145,
,7.179024483,
,5.076881004,
,6.022572656,
,7.023557667,
,6.332637445,
,6.042774292,
,6.128877385,
,6.964019182,
,6.043306213,
,9.766297381,
,5.96901349,
,7.954998332,
,6.360925002,
,6.631629806,
,8.114063949,
,6.026594306,
,6.817684718,
,8.082113604,
,5.609971499,
,8.418559684,
,5.914981186,
,5.896947676,
,8.55485676,
,6.624683607,
,5.071883526,
,5.648025212,
,8.032762863,
,6.409507451,
,6.03514,
,11.35216985,
,8.978737201,
,6.621104937,
,6.673873902,
,6.524806123,
,14.53141355,
,6.887545428,
,7.295206576,
,7.604353344,
,5.563231847,
,6.066226305,
,7.01029127,
,5.078849486,
,6.030469121,
,6.973819955,
,6.213439426,
,5.835939364,
,6.012580527,
,6.868864006,
,5.977964508,
,9.458995984,
,5.900383393,
,7.847959807,
,6.293576817,
,6.6796334,
,8.096514515,
,6.038570532,
,6.909565678,
,8.178109213,
,5.622247685,
,9.859897752,
,5.900494914,
,5.803877342,
,8.615758652,
,6.573611373,
,5.117591665,
,5.696995671,
,8.241698118,
,6.376301342,
,6.034875137,
,11.35424921,
,8.812203997,
,6.670529643,
,7.257947372,
,6.603365507,
,14.51118307,
,7.068570776,
,7.451573409,
,7.68007001,
,5.534957846,
,6.183386044,
,7.195783675,
,5.162497289,
,6.100314027,
,7.04538866,
,6.354014314,
,6.109928257,
,6.103698547,
,7.148449106,
,6.132165903,
,9.346191564,
,5.980085786,
,8.301654543,
,6.272149828,
,6.719209836,
,8.084885015,
,6.046908339,
,6.852304818,
,8.261958886,
,5.645034975,
,10.14944548,
,5.937829217,
,5.759267044,
,8.738085975,
,6.577168553,
,5.133620352,
,5.699647738,
,8.322716647,
,6.420406155,
,6.141230473,
,11.42544624,
,8.970479732,
,6.7256012,
,7.331737182,
,6.682684473,
,14.68162023,
,6.970554517,
,7.544967437,
,7.738659675,
,5.532600309,
,6.120767213,
,7.319737318,
,5.079139961,
,6.106639274,
,7.196816336,
,6.418043248,
,6.111723008,
,6.129228221,
,7.163262324,
,6.136299323,
,9.508400577,
,5.971889717,
,8.251975644,
,6.271875473,
,6.651986571,
,8.005770795,
,5.998216421,
,6.373883834,
,7.752285772,
,5.365280366,
,7.788408843,
,5.679571593,
,5.554858978,
,8.058257009,
,6.125157945,
,4.935480772,
,5.369612304,
,7.512390704,
,6.016094771,
,5.816207885,
,10.98730236,
,8.829878695,
,6.384008066,
,6.685917601,
,6.354785443,
,14.29441298,
,6.694955627,
,7.06773084,
,7.362705952,
,5.200557264,
,5.557495952,
,6.796209806,
,4.881387791,
,5.719098499,
,6.727720105,
,6.08964202,
,5.387449231,
,5.927646033,
,6.691872135,
,5.893999502,
,9.612360212,
,5.397454287,
,7.43023875,
,6.200839573,
,6.418622705,
,7.708450516,
,5.902774175,
,6.419520195,
,7.527786459,
,5.199352164,
,7.628374843,
,5.58386064,
,5.496279041,
,8.026638925,
,6.056476721,
,4.974036884,
,5.402905483,
,7.200439584,
,5.959374158,
,5.784476091,
,11.14195826,
,8.742560251,
,6.374985058,
,6.6264271,
,6.213462192,
,14.30533218,
,6.46401153,
,6.963056731,
,7.296514713,
,5.259981175,
,5.561527839,
,6.833982323,
,4.77977473,
,5.579352941,
,6.610508562,
,6.067661843,
,5.575074608,
,5.914475299,
,6.657403419,
,5.843465133,
,9.562527005,
,5.501138953,
,7.663121125,
,5.996073491,
,6.25828348,
,7.606736649,
,5.79718217,
,6.448571722,
,7.615949282,
,5.318489561,
,7.751315652,
,5.562012584,
,5.561987218,
,8.103586006,
,6.090468278,
,5.001721595,
,5.451505221,
,7.305649295,
,6.052230535,
,5.768263987,
,11.33328144,
,8.731266029,
,6.429586039,
,6.800832538,
,6.281630625,
,14.3308035,
,6.479040957,
,6.973299879,
,7.319925896,
,5.299083832,
,5.499636497,
,6.74056632,
,4.898341022,
,5.677073797,
,6.590177496,
,6.206998356,
,5.642715601,
,5.931173045,
,6.669657075,
,5.841278819,
,9.467799556,
,5.620520192,
,7.906178541,
,6.071750977,
,6.368065763,
,7.694069511,
,5.80697701,
,6.640754125,
,7.889989541,
,5.458139215,
,7.949823636,
,5.839865512,
,5.735930186,
,8.296769343,
,6.43121542,
,5.108919112,
,5.600222951,
,7.648555323,
,6.315976774,
,5.912574586,
,11.42576078,
,9.139712611,
,6.687854221,
,6.994613123,
,6.408360119,
,14.69746918,
,6.849801202,
,7.180268153,
,7.497820165,
,5.566962796,
,6.179850173,
,6.971620204,
,5.111447313,
,5.95501481,
,6.800840987,
,6.239927136,
,5.913656246,
,6.095050947,
,6.878276237,
,6.02927657,
,10.11250021,
,5.810921153,
,8.146991312,
,6.176964072,
,6.550602112,
,7.908694911,
,5.973445114,
,6.843556917,
,8.007322229,
,5.608810895,
,8.243395621,
,5.912525017,
,5.768027798,
,8.674224881,
,6.527175377,
,5.186197254,
,5.708714631,
,7.914594717,
,6.383674821,
,6.0309642,
,11.42481454,
,8.948892076,
,6.772599008,
,7.319802143,
,6.65625073,
,14.71080427,
,6.852974436,
,7.443892823,
,7.751207751,
,5.576716048,
,6.119297083,
,7.090439104,
,5.175208275,
,6.047962062,
,7.024339655,
,6.278047567,
,6.113563422,
,6.021371412,
,6.913108147,
,6.044202027,
,9.832358612,
,6.025025392,
,8.381048203,
,6.242905158,
,6.635014612,
,7.946900269,
,6.071282133,
,6.651831178,
,7.750749645,
,5.31426862,
,7.603934988,
,5.678834252,
,5.63527002,
,8.189367324,
,6.321499176,
,5.089275375,
,5.595650246,
,7.444922164,
,6.238593614,
,5.820755174,
,11.24172145,
,8.718153704,
,6.502545507,
,7.06535384,
,6.347412389,
,14.96581468,
,6.503214104,
,7.053927299,
,7.544593573,
,5.332071358,
,5.830795346,
,6.764628071,
,4.943853341,
,5.82977504,
,6.668149548,
,6.135446949,
,5.81764745,
,5.926977413,
,6.815500261,
,5.934916472,
,10.50233842,
,5.812381935,
,8.092641339,
,6.118947841,
,6.499455328,
,7.929181906,
,5.8968202,
,6.638524128,
,7.777989756,
,5.244272016,
,7.661865215,
,5.583536374,
,5.525761462,
,8.246077558,
,6.191436012,
,5.03474822,
,5.561985829,
,7.595980384,
,6.11027293,
,5.813631309,
,11.32126243,
,8.926480191,
,6.482754851,
,6.915680075,
,6.378342256,
,14.54803728,
,6.494058584,
,7.121513322,
,7.479310214,
,5.231990247,
,5.640069165,
,6.945246972,
,4.952480798,
,5.700323812,
,6.743897439,
,6.158567742,
,5.698754041,
,5.955158895,
,6.765227795,
,5.896733091,
,9.793185742,
,5.633526634,
,7.66857542,
,6.01603281,
,6.388665921,
,7.84638363,
,5.907211938,
