Date,Lcl_Bus_Speeds,SBS_Bus_Speeds
2015-01,6.571180201,8.841411937
2015-02,6.362527065,8.380034442
2015-03,6.404413594,8.483460326
2015-04,6.577563244,8.864904794
2015-05,6.485797528,8.780783602
2015-06,6.571584366,8.846868417
2015-07,6.729590153,8.899310162
2015-08,6.771635213,9.060419614
2015-09,6.530574276,8.792495138
2015-10,6.377251134,8.609490271
2015-11,6.364815448,8.600286181
2015-12,6.502264464,8.682063492
2016-01,6.416946048,8.817595971
2016-02,6.50756074,8.848702495
2016-03,6.49669765,8.821935821
2016-04,6.491284433,8.851597229
2016-05,6.387296437,8.661628832
2016-06,6.496620627,8.799816505
2016-07,6.636859963,9.061563022
2016-08,6.750333864,9.207333912
2016-09,6.360902612,8.501608063
2016-10,6.420520133,8.578684183
2016-11,6.285019327,8.294619396
2016-12,6.403062528,8.306027221
2017-01,6.370278032,8.588997078
2017-02,6.317152533,8.463915409
2017-03,6.256651355,8.217383081
2017-04,6.45273169,8.66723709
2017-05,6.320392324,8.545940085
2017-06,6.404706313,8.655975371
2017-07,6.5584074,8.991546614
2017-08,6.633586983,9.211115953
2017-09,6.298319081,7.971232545
2017-10,6.277310881,7.908638472
2017-11,6.285585662,7.807425992
2017-12,6.420214799,8.006433056
2018-01,6.772768442,7.990276623
2018-02,6.813413157,8.019836816
2018-03,6.780929289,7.955602097
2018-04,6.599194729,8.051233167
2018-05,6.582426181,8.095188766
2018-06,6.687744459,8.263001443
2018-07,6.977951307,8.49920249
2018-08,7.006844062,8.582175651
2018-09,6.751557689,8.256272436
2018-10,6.534246484,8.210898762
2018-11,6.486822317,8.195977708
2018-12,6.753575399,8.326241189
2019-01,6.638575318,8.532323159
2019-02,6.741660159,8.333341422
2019-03,6.690257501,8.190850098
2019-04,6.82062777,8.23920388
2019-05,6.607375339,8.129247188
2019-06,6.675295334,8.131891803
2019-07,6.951325936,8.358212685
2019-08,7.062389303,8.518924451
2019-09,6.511614095,8.093240212
2019-10,6.545187388,
2019-10,5.245677429,
2019-10,7.199175501,
2019-10,5.195330403,
2019-10,5.400929107,
2019-10,7.678708423,
2019-10,6.037964886,
2019-10,4.979710945,
2019-10,5.489846039,
2019-10,6.925857831,
2019-10,6.066016093,
2019-10,5.578111398,
2019-10,10.67044263,
2019-10,8.278946312,
2019-10,6.12427948,
2019-10,6.604090263,
2019-10,6.022157393,
2019-10,14.27383824,
2019-10,6.033693269,
2019-10,6.689048281,
2019-10,6.892734143,
2019-10,5.161125598,
2019-10,5.243647172,
2019-10,6.446476696,
2019-10,4.876718342,
2019-10,5.650299438,
2019-10,6.378328673,
2019-10,5.770545448,
2019-10,5.692509398,
2019-10,5.759159538,
2019-10,6.678619743,
2019-10,5.714768163,
2019-10,9.67667162,
2019-10,5.604743825,
2019-10,7.524382857,
2019-10,6.00805931,
2019-10,6.075393157,
2019-10,7.682340594,
2019-10,5.656367703,
2019-10,6.55210007,
2019-11,6.492054834,
2019-11,5.112417323,
2019-11,7.116025255,
2019-11,5.120511026,
2019-11,5.415767029,
2019-11,7.591750044,
2019-11,6.125375561,
2019-11,4.959020374,
2019-11,5.494484441,
2019-11,6.876213262,
2019-11,6.093399506,
2019-11,5.616378356,
2019-11,10.65530004,
2019-11,8.462525842,
2019-11,6.275740843,
2019-11,6.550981098,
2019-11,6.067192844,
2019-11,14.25084904,
2019-11,6.113210875,
2019-11,6.70565225,
2019-11,6.910801584,
2019-11,5.199180426,
2019-11,5.399420598,
2019-11,6.263007166,
2019-11,4.829283145,
2019-11,5.700226629,
2019-11,6.389123458,
2019-11,5.957667917,
2019-11,5.657028851,
2019-11,5.76269247,
2019-11,6.660852858,
2019-11,5.708240231,
2019-11,9.502360759,
2019-11,5.590317407,
2019-11,7.52901606,
2019-11,5.946072964,
2019-11,6.086770743,
2019-11,7.736348632,
2019-11,5.673051434,
2019-12,6.597874982,
2019-12,5.225774321,
2019-12,7.457477373,
2019-12,5.097682146,
2019-12,5.529119317,
2019-12,7.881503812,
2019-12,6.27524484,
2019-12,5.029848707,
2019-12,5.741985025,
2019-12,7.098112291,
2019-12,6.286953647,
2019-12,5.728506838,
2019-12,10.64945015,
2019-12,8.520902358,
2019-12,6.369719155,
2019-12,6.718352592,
2019-12,6.263366332,
2019-12,14.32112775,
2019-12,6.169045272,
2019-12,6.918303129,
2019-12,7.076686731,
2019-12,5.321517798,
2019-12,5.563564008,
2019-12,6.639242694,
2019-12,5.003163198,
2019-12,5.750467393,
2019-12,6.504869938,
2019-12,6.044320334,
2019-12,5.90142685,
2019-12,5.835877934,
2019-12,6.657427225,
2019-12,5.837211125,
2019-12,9.699367156,
2019-12,5.764495091,
2019-12,7.648571105,
2019-12,6.01949067,
2019-12,6.168292325,
2019-12,7.813402248,
2019-12,5.619283639,
2020-01,6.672824669,
2020-01,7.587958896,
2020-01,5.292915539,
2020-01,7.684186922,
2020-01,5.564631317,
2020-01,5.558495254,
2020-01,7.52600293,
2020-01,6.184176671,
2020-01,4.999748455,
2020-01,5.469764465,
2020-01,7.288212183,
2020-01,6.204520981,
2020-01,5.815442418,
2020-01,10.97770685,
2020-01,8.641081242,
2020-01,6.475446604,
2020-01,6.752207598,
2020-01,6.284534922,
2020-01,14.7440719,
2020-01,6.399324098,
2020-01,6.981363233,
2020-01,7.111279747,
2020-01,5.269096657,
2020-01,5.659340884,
2020-01,6.505569727,
2020-01,5.006213641,
2020-01,5.709586743,
2020-01,6.685276786,
2020-01,5.959535403,
2020-01,5.863473691,
2020-01,5.874797782,
2020-01,6.786342014,
2020-01,5.846504123,
2020-01,9.590468886,
2020-01,5.694527285,
2020-01,7.730252338,
2020-01,6.109746225,
2020-01,6.165926491,
2020-01,7.884685214,
2020-01,5.810536388,
2020-02,6.571151673,
2020-02,7.587473347,
2020-02,5.212758483,
2020-02,7.605441659,
2020-02,5.646781768,
2020-02,5.477842248,
2020-02,7.754109578,
2020-02,6.200329727,
2020-02,4.867075498,
2020-02,5.461481358,
2020-02,7.227420008,
2020-02,6.066350624,
2020-02,5.773290918,
2020-02,10.94604833,
2020-02,8.785547008,
2020-02,6.421788818,
2020-02,6.524204773,
2020-02,6.194731591,
2020-02,14.57687134,
2020-02,6.292776425,
2020-02,6.868374085,
2020-02,7.002299827,
2020-02,5.205413944,
2020-02,5.515124151,
2020-02,6.566960256,
2020-02,5.136606478,
2020-02,5.656097912,
2020-02,6.699503587,
2020-02,5.971555439,
2020-02,5.669910687,
2020-02,5.873921504,
2020-02,6.79722917,
2020-02,5.868347778,
2020-02,9.57847186,
2020-02,5.584493013,
2020-02,7.841068914,
2020-02,6.019638514,
2020-02,6.002502212,
2020-02,7.893894903,
2020-02,5.767631501,
2020-03,6.964615271,
2020-03,8.377337807,
2020-03,5.745008613,
2020-03,8.337637394,
2020-03,6.085051692,
2020-03,5.887341541,
2020-03,8.814298529,
2020-03,6.653363663,
2020-03,5.126503897,
2020-03,5.755307639,
2020-03,7.926240831,
2020-03,6.545659612,
2020-03,6.091254257,
2020-03,11.31672428,
2020-03,9.154895523,
2020-03,6.804437394,
2020-03,6.986932081,
2020-03,6.632975759,
2020-03,15.02891691,
2020-03,7.074235412,
2020-03,7.38748907,
2020-03,7.618825437,
2020-03,5.68556004,
2020-03,6.018902408,
2020-03,7.393923863,
2020-03,5.749265709,
2020-03,6.116352245,
2020-03,7.079191944,
2020-03,6.270616084,
2020-03,6.186577744,
2020-03,6.099376807,
2020-03,7.349067592,
2020-03,6.149123622,
2020-03,10.29840887,
2020-03,6.064420025,
2020-03,8.487013287,
2020-03,6.422488487,
2020-03,6.53536194,
2020-03,8.070751358,
2020-03,6.088829942,
2020-04,7.699181863,
2020-04,9.867126994,
2020-04,6.663657489,
2020-04,10.46438184,
2020-04,6.922364026,
2020-04,6.389657571,
2020-04,10.7020111,
2020-04,7.90085517,
2020-04,5.82841466,
2020-04,6.511315208,
2020-04,7.755623676,
2020-04,7.252455775,
2020-04,11.87303771,
2020-04,10.58148002,
2020-04,7.911537567,
2020-04,7.872237624,
2020-04,7.524920424,
2020-04,15.12107119,
2020-04,8.24217826,
2020-04,8.28281577,
2020-04,8.863897014,
2020-04,6.973464017,
2020-04,7.916275429,
2020-04,8.897709618,
2020-04,6.880796664,
2020-04,6.751469924,
2020-04,8.065952299,
2020-04,7.147003837,
2020-04,6.976018087,
2020-04,7.215852797,
2020-04,8.299817804,
2020-04,7.221249508,
2020-04,11.06085968,
2020-04,7.180756137,
2020-04,10.62753871,
2020-04,7.609950893,
2020-04,7.616906346,
2020-04,9.133572435,
2020-04,6.856311301,
2020-05,7.427325698,
2020-05,9.466439842,
2020-05,6.353715408,
2020-05,10.04549682,
2020-05,6.752644881,
2020-05,6.194843707,
2020-05,10.29289198,
2020-05,7.529286893,
2020-05,5.719209229,
2020-05,6.418610516,
2020-05,7.432044372,
2020-05,7.097232196,
2020-05,11.5627441,
2020-05,10.57415226,
2020-05,7.706889339,
2020-05,7.630767122,
2020-05,7.3452054,
2020-05,14.3971073,
2020-05,7.863065136,
2020-05,8.063184296,
2020-05,8.680704347,
2020-05,6.371989335,
2020-05,7.509639082,
2020-05,8.308965899,
2020-05,6.606992213,
2020-05,6.554299831,
2020-05,7.933237852,
2020-05,7.044617071,
2020-05,6.609413032,
2020-05,6.958207586,
2020-05,8.000310975,
2020-05,7.099870142,
2020-05,10.79003033,
2020-05,6.726579722,
2020-05,10.35133572,
2020-05,7.49531813,
2020-05,7.408326297,
2020-05,8.979409788,
2020-05,6.689380126,
2020-06,7.288908769,
2020-06,8.898495378,
2020-06,5.860995497,
2020-06,8.811949186,
2020-06,6.250500666,
2020-06,6.151016543,
2020-06,9.227092911,
2020-06,6.958014982,
2020-06,5.161238683,
2020-06,6.072771089,
2020-06,8.824409392,
2020-06,6.641919626,
2020-06,6.478784001,
2020-06,11.69649109,
2020-06,9.766365429,
2020-06,7.16788786,
2020-06,7.241959269,
2020-06,6.785281597,
2020-06,14.78397998,
2020-06,7.27979762,
2020-06,7.649995093,
2020-06,7.867787628,
2020-06,5.881994937,
2020-06,6.401534741,
2020-06,7.460809224,
2020-06,5.90271,
2020-06,6.278063892,
2020-06,7.380232747,
2020-06,6.534836611,
2020-06,6.336425883,
2020-06,6.3432867,
2020-06,7.545942784,
2020-06,6.288838791,
2020-06,10.42165271,
2020-06,6.283097625,
2020-06,8.862570121,
2020-06,6.571210452,
2020-06,6.669980121,
2020-06,8.290751759,
2020-06,6.275317398,
2020-07,7.243692274,
2020-07,8.689791949,
2020-07,5.746476347,
2020-07,10.24021837,
2020-07,6.086809077,
2020-07,5.940038716,
2020-07,8.950143634,
2020-07,6.828690127,
2020-07,5.105943773,
2020-07,6.006956843,
2020-07,8.714502027,
2020-07,6.560585648,
2020-07,6.373647815,
2020-07,11.50260089,
2020-07,9.509765113,
2020-07,7.056838344,
2020-07,7.174756411,
2020-07,6.751691184,
2020-07,15.0627988,
2020-07,6.804969559,
2020-07,7.553735425,
2020-07,7.762172282,
2020-07,5.661745925,
2020-07,6.223683369,
2020-07,7.349506035,
2020-07,5.065632816,
2020-07,6.166613577,
2020-07,7.336272278,
2020-07,6.320197582,
2020-07,6.18431192,
2020-07,6.257134586,
2020-07,7.361650238,
2020-07,6.300260728,
2020-07,10.42665591,
2020-07,6.121059492,
2020-07,8.899324895,
2020-07,6.436280549,
2020-07,6.541697636,
2020-07,8.164372052,
2020-07,6.122787223,
2020-08,7.155360098,
2020-08,8.650098033,
2020-08,5.795045365,
2020-08,10.29668929,
2020-08,6.020908352,
2020-08,5.958517618,
2020-08,8.919008507,
2020-08,6.720745018,
2020-08,5.096042933,
2020-08,5.7418426,
2020-08,8.631805775,
2020-08,6.541835824,
2020-08,6.253988704,
2020-08,11.58409057,
2020-08,9.403472683,
2020-08,7.075879649,
2020-08,7.082312745,
2020-08,6.745924974,
2020-08,14.8993196,
2020-08,6.869183672,
2020-08,7.546520096,
2020-08,7.779559537,
2020-08,5.639979848,
2020-08,6.135234656,
2020-08,7.262392599,
2020-08,5.102180658,
2020-08,6.217384096,
2020-08,7.277722751,
2020-08,6.299242701,
2020-08,6.117177752,
2020-08,6.250507553,
2020-08,7.400686089,
2020-08,6.264828976,
2020-08,10.20868285,
2020-08,6.06441001,
2020-08,8.748889296,
2020-08,6.372859291,
2020-08,6.600967372,
2020-08,7.990347539,
2020-08,6.088354483,
2020-09,7.075367272,
2020-09,8.312299381,
2020-09,5.695879262,
2020-09,8.23317684,
2020-09,6.021120909,
2020-09,5.938268298,
2020-09,8.645986623,
2020-09,6.74596664,
2020-09,5.094111445,
2020-09,5.710401662,
2020-09,8.434523724,
2020-09,6.502571549,
2020-09,6.119284268,
2020-09,11.43304169,
2020-09,9.423213842,
2020-09,6.867048975,
2020-09,7.218203341,
2020-09,6.612185718,
2020-09,14.95591025,
2020-09,6.775306592,
2020-09,7.546147579,
2020-09,7.688393461,
2020-09,5.722027121,
2020-09,5.949519372,
2020-09,7.152538177,
2020-09,5.058288476,
2020-09,6.0925051,
2020-09,7.128946509,
2020-09,6.27444625,
2020-09,6.215316164,
2020-09,6.120807333,
2020-09,7.199935239,
2020-09,6.179198357,
2020-09,10.19241052,
2020-09,6.063382259,
2020-09,8.264972757,
2020-09,6.37159953,
2020-09,6.523468272,
2020-09,8.047313263,
2020-09,6.053016756,
2020-10,6.968705323,
2020-10,8.256540415,
2020-10,5.638591818,
2020-10,8.176691943,
2020-10,5.981505206,
2020-10,5.873357991,
2020-10,8.728148486,
2020-10,6.708221606,
2020-10,5.114169501,
2020-10,5.73604148,
2020-10,8.373968992,
2020-10,6.448495063,
2020-10,6.123576658,
2020-10,11.25849447,
2020-10,9.276692231,
2020-10,6.868299719,
2020-10,7.100330963,
2020-10,6.632981075,
2020-10,15.12380536,
2020-10,6.839987961,
2020-10,7.476561321,
2020-10,7.626874048,
2020-10,5.710214861,
2020-10,5.929806932,
2020-10,7.199536449,
2020-10,5.008157991,
2020-10,6.1046661,
2020-10,7.047482644,
2020-10,6.274904844,
2020-10,6.139848151,
2020-10,6.18749996,
2020-10,7.231118093,
2020-10,6.165607092,
2020-10,10.56430485,
2020-10,6.089239748,
2020-10,8.138708797,
2020-10,6.424183218,
2020-10,6.412443555,
2020-10,8.062437034,
2020-10,6.077391948,
2020-11,7.01244625,
2020-11,8.269086018,
2020-11,5.646846361,
2020-11,8.378495723,
2020-11,5.956544036,
2020-11,5.910658738,
2020-11,8.740267748,
2020-11,6.801976747,
2020-11,5.17076075,
2020-11,5.746865763,
2020-11,8.457132454,
2020-11,6.496915625,
2020-11,6.193818565,
2020-11,11.37279239,
2020-11,9.2636196,
2020-11,6.88170767,
2020-11,7.046243829,
2020-11,6.672152264,
2020-11,15.31695221,
2020-11,6.905676292,
2020-11,7.528451175,
2020-11,7.810763341,
2020-11,5.750745487,
2020-11,5.941648534,
2020-11,7.340470151,
2020-11,5.047320004,
2020-11,6.036229753,
2020-11,7.145924233,
2020-11,6.378964207,
2020-11,6.077403423,
2020-11,6.177116967,
2020-11,7.223534139,
2020-11,6.23241131,
2020-11,10.27416123,
2020-11,6.096766418,
2020-11,8.287734857,
2020-11,6.36420147,
2020-11,6.566196728,
2020-11,8.208324125,
2020-11,6.082115205,
2020-12,6.940204336,
2020-12,8.314746742,
2020-12,5.590826043,
2020-12,8.342775459,
2020-12,5.848537387,
2020-12,5.942300974,
2020-12,8.812146251,
2020-12,6.841667584,
2020-12,5.191157487,
2020-12,5.759764516,
2020-12,8.376266744,
2020-12,6.505946182,
2020-12,6.195963554,
2020-12,11.35692567,
2020-12,9.289400063,
2020-12,6.862709057,
2020-12,7.035073049,
2020-12,6.726106756,
2020-12,15.23747606,
2020-12,6.964345856,
2020-12,7.569014585,
2020-12,7.723667713,
2020-12,5.777934222,
2020-12,6.228703606,
2020-12,7.463596371,
2020-12,5.009444471,
2020-12,6.124853296,
2020-12,7.031903387,
2020-12,6.324242421,
2020-12,6.314100435,
2020-12,6.201378493,
2020-12,7.182148936,
2020-12,6.206847835,
2020-12,10.33357491,
2020-12,6.11108121,
2020-12,8.515326138,
2020-12,6.493784051,
2020-12,6.757620379,
2020-12,8.219312474,
2020-12,6.095503608,
2021-01,7.108774843,
2021-01,8.468237141,
2021-01,5.806661701,
2021-01,8.66447485,
2021-01,5.875189867,
2021-01,6.067878647,
2021-01,9.113363166,
2021-01,6.981265057,
2021-01,5.261328809,
2021-01,5.863817859,
2021-01,8.562143416,
2021-01,6.635423685,
2021-01,6.268263588,
2021-01,11.60499702,
2021-01,9.63372636,
2021-01,6.993785705,
2021-01,7.493362925,
2021-01,6.875056027,
2021-01,15.64267836,
2021-01,7.08006654,
2021-01,7.750096865,
2021-01,7.896600248,
2021-01,5.935020667,
2021-01,6.469894647,
2021-01,7.611766543,
2021-01,5.123193571,
2021-01,6.204017326,
2021-01,7.39277741,
2021-01,6.478700539,
2021-01,6.377781646,
2021-01,6.239444016,
2021-01,7.527862091,
2021-01,6.265697201,
2021-01,10.62158752,
2021-01,6.233362672,
2021-01,8.474056463,
2021-01,6.476813763,
2021-01,6.945502028,
2021-01,8.22896012,
2021-01,6.291687112,
2021-02,6.96750269,
2021-02,8.28919876,
2021-02,5.681706207,
2021-02,8.234045851,
2021-02,5.770436764,
2021-02,5.885256291,
2021-02,8.819545662,
2021-02,6.84414588,
2021-02,5.170532874,
2021-02,5.769155869,
2021-02,8.001543119,
2021-02,6.508927738,
2021-02,6.131359953,
2021-02,11.29569819,
2021-02,9.526069833,
2021-02,6.935927111,
2021-02,7.029001282,
2021-02,6.703380983,
2021-02,15.27054541,
2021-02,6.92158903,
2021-02,7.538622987,
2021-02,7.732425002,
2021-02,5.805934042,
2021-02,6.275162556,
2021-02,7.189676194,
2021-02,5.105896196,
2021-02,6.130265521,
2021-02,7.105771923,
2021-02,6.399110461,
2021-02,6.217167243,
2021-02,6.171284492,
2021-02,7.284719413,
2021-02,6.149580214,
2021-02,9.545107621,
2021-02,6.159755676,
2021-02,8.115740856,
2021-02,6.39931451,
2021-02,6.722902417,
2021-02,8.093814046,
2021-02,6.149596606,
2021-03,7.02633006,
2021-03,8.318712167,
2021-03,5.636235214,
2021-03,8.122854124,
2021-03,5.885130228,
2021-03,5.947367686,
2021-03,8.822804238,
2021-03,6.712639337,
2021-03,5.166683179,
2021-03,5.767078988,
2021-03,8.19505303,
2021-03,6.457117282,
2021-03,6.124093022,
2021-03,11.52821145,
2021-03,9.409257932,
2021-03,6.826850288,
2021-03,7.202269304,
2021-03,6.711804184,
2021-03,15.37456412,
2021-03,6.801742993,
2021-03,7.530349462,
2021-03,7.786813878,
2021-03,5.754064015,
2021-03,6.120818478,
2021-03,7.362426547,
2021-03,5.109557878,
2021-03,6.034476324,
2021-03,7.18216482,
2021-03,6.349038474,
2021-03,6.067368227,
2021-03,6.181546194,
2021-03,7.294841476,
2021-03,6.091749009,
2021-03,10.51649046,
2021-03,6.062714265,
2021-03,8.204685628,
2021-03,6.394947736,
2021-03,6.78683087,
2021-03,8.13893196,
2021-03,6.141389776,
2021-04,7.009939609,
2021-04,8.221220284,
2021-04,5.668997637,
2021-04,8.162972889,
2021-04,6.002382652,
2021-04,5.952062515,
2021-04,8.716641472,
2021-04,6.639086438,
2021-04,5.108226999,
2021-04,5.692386692,
2021-04,8.184427475,
2021-04,6.534448013,
2021-04,6.05901485,
2021-04,11.47319543,
2021-04,9.303081586,
2021-04,6.786169564,
2021-04,7.044143239,
2021-04,6.597656546,
2021-04,14.91165321,
2021-04,6.956891219,
2021-04,7.376573934,
2021-04,7.687131079,
2021-04,5.755672541,
2021-04,6.028493238,
2021-04,7.255609169,
2021-04,5.012610554,
2021-04,6.035473839,
2021-04,7.02760286,
2021-04,6.297316913,
2021-04,6.129797179,
2021-04,6.171703385,
2021-04,7.18378756,
2021-04,6.074084863,
2021-04,9.646124142,
2021-04,5.996999519,
2021-04,8.20617569,
2021-04,6.375093057,
2021-04,6.681696789,
2021-04,8.173610365,
2021-04,6.098088397,
2021-05,6.88601342,
2021-05,8.146605678,
2021-05,5.631580914,
2021-05,8.121207417,
2021-05,6.018457727,
2021-05,5.924347744,
2021-05,8.627223909,
2021-05,6.564048294,
2021-05,5.033551311,
2021-05,5.709876463,
2021-05,8.077944363,
2021-05,6.4341763,
2021-05,6.061947775,
2021-05,11.42672338,
2021-05,9.269930664,
2021-05,6.704310452,
2021-05,6.899756843,
2021-05,6.577872595,
2021-05,14.64921414,
2021-05,6.882716408,
2021-05,7.383369954,
2021-05,7.615010391,
2021-05,5.615511464,
2021-05,5.848441145,
2021-05,7.179024483,
2021-05,5.076881004,
2021-05,6.022572656,
2021-05,7.023557667,
2021-05,6.332637445,
2021-05,6.042774292,
2021-05,6.128877385,
2021-05,6.964019182,
2021-05,6.043306213,
2021-05,9.766297381,
2021-05,5.96901349,
2021-05,7.954998332,
2021-05,6.360925002,
2021-05,6.631629806,
2021-05,8.114063949,
2021-05,6.026594306,
2021-06,6.817684718,
2021-06,8.082113604,
2021-06,5.609971499,
2021-06,8.418559684,
2021-06,5.914981186,
2021-06,5.896947676,
2021-06,8.55485676,
2021-06,6.624683607,
2021-06,5.071883526,
2021-06,5.648025212,
2021-06,8.032762863,
2021-06,6.409507451,
2021-06,6.03514,
2021-06,11.35216985,
2021-06,8.978737201,
2021-06,6.621104937,
2021-06,6.673873902,
2021-06,6.524806123,
2021-06,14.53141355,
2021-06,6.887545428,
2021-06,7.295206576,
2021-06,7.604353344,
2021-06,5.563231847,
2021-06,6.066226305,
2021-06,7.01029127,
2021-06,5.078849486,
2021-06,6.030469121,
2021-06,6.973819955,
2021-06,6.213439426,
2021-06,5.835939364,
2021-06,6.012580527,
2021-06,6.868864006,
2021-06,5.977964508,
2021-06,9.458995984,
2021-06,5.900383393,
2021-06,7.847959807,
2021-06,6.293576817,
2021-06,6.6796334,
2021-06,8.096514515,
2021-06,6.038570532,
2021-07,6.909565678,
2021-07,8.178109213,
2021-07,5.622247685,
2021-07,9.859897752,
2021-07,5.900494914,
2021-07,5.803877342,
2021-07,8.615758652,
2021-07,6.573611373,
2021-07,5.117591665,
2021-07,5.696995671,
2021-07,8.241698118,
2021-07,6.376301342,
2021-07,6.034875137,
2021-07,11.35424921,
2021-07,8.812203997,
2021-07,6.670529643,
2021-07,7.257947372,
2021-07,6.603365507,
2021-07,14.51118307,
2021-07,7.068570776,
2021-07,7.451573409,
2021-07,7.68007001,
2021-07,5.534957846,
2021-07,6.183386044,
2021-07,7.195783675,
2021-07,5.162497289,
2021-07,6.100314027,
2021-07,7.04538866,
2021-07,6.354014314,
2021-07,6.109928257,
2021-07,6.103698547,
2021-07,7.148449106,
2021-07,6.132165903,
2021-07,9.346191564,
2021-07,5.980085786,
2021-07,8.301654543,
2021-07,6.272149828,
2021-07,6.719209836,
2021-07,8.084885015,
2021-07,6.046908339,
2021-08,6.852304818,
2021-08,8.261958886,
2021-08,5.645034975,
2021-08,10.14944548,
2021-08,5.937829217,
2021-08,5.759267044,
2021-08,8.738085975,
2021-08,6.577168553,
2021-08,5.133620352,
2021-08,5.699647738,
2021-08,8.322716647,
2021-08,6.420406155,
2021-08,6.141230473,
2021-08,11.42544624,
2021-08,8.970479732,
2021-08,6.7256012,
2021-08,7.331737182,
2021-08,6.682684473,
2021-08,14.68162023,
2021-08,6.970554517,
2021-08,7.544967437,
2021-08,7.738659675,
2021-08,5.532600309,
2021-08,6.120767213,
2021-08,7.319737318,
2021-08,5.079139961,
2021-08,6.106639274,
2021-08,7.196816336,
2021-08,6.418043248,
2021-08,6.111723008,
2021-08,6.129228221,
2021-08,7.163262324,
2021-08,6.136299323,
2021-08,9.508400577,
2021-08,5.971889717,
2021-08,8.251975644,
2021-08,6.271875473,
2021-08,6.651986571,
2021-08,8.005770795,
2021-08,5.998216421,
2021-09,6.373883834,
2021-09,7.752285772,
2021-09,5.365280366,
2021-09,7.788408843,
2021-09,5.679571593,
2021-09,5.554858978,
2021-09,8.058257009,
2021-09,6.125157945,
2021-09,4.935480772,
2021-09,5.369612304,
2021-09,7.512390704,
2021-09,6.016094771,
2021-09,5.816207885,
2021-09,10.98730236,
2021-09,8.829878695,
2021-09,6.384008066,
2021-09,6.685917601,
2021-09,6.354785443,
2021-09,14.29441298,
2021-09,6.694955627,
2021-09,7.06773084,
2021-09,7.362705952,
2021-09,5.200557264,
2021-09,5.557495952,
2021-09,6.796209806,
2021-09,4.881387791,
2021-09,5.719098499,
2021-09,6.727720105,
2021-09,6.08964202,
2021-09,5.387449231,
2021-09,5.927646033,
2021-09,6.691872135,
2021-09,5.893999502,
2021-09,9.612360212,
2021-09,5.397454287,
2021-09,7.43023875,
2021-09,6.200839573,
2021-09,6.418622705,
2021-09,7.708450516,
2021-09,5.902774175,
2021-10,6.419520195,
2021-10,7.527786459,
2021-10,5.199352164,
2021-10,7.628374843,
2021-10,5.58386064,
2021-10,5.496279041,
2021-10,8.026638925,
2021-10,6.056476721,
2021-10,4.974036884,
2021-10,5.402905483,
2021-10,7.200439584,
2021-10,5.959374158,
2021-10,5.784476091,
2021-10,11.14195826,
2021-10,8.742560251,
2021-10,6.374985058,
2021-10,6.6264271,
2021-10,6.213462192,
2021-10,14.30533218,
2021-10,6.46401153,
2021-10,6.963056731,
2021-10,7.296514713,
2021-10,5.259981175,
2021-10,5.561527839,
2021-10,6.833982323,
2021-10,4.77977473,
2021-10,5.579352941,
2021-10,6.610508562,
2021-10,6.067661843,
2021-10,5.575074608,
2021-10,5.914475299,
2021-10,6.657403419,
2021-10,5.843465133,
2021-10,9.562527005,
2021-10,5.501138953,
2021-10,7.663121125,
2021-10,5.996073491,
2021-10,6.25828348,
2021-10,7.606736649,
2021-10,5.79718217,
2021-11,6.448571722,
2021-11,7.615949282,
2021-11,5.318489561,
2021-11,7.751315652,
2021-11,5.562012584,
2021-11,5.561987218,
2021-11,8.103586006,
2021-11,6.090468278,
2021-11,5.001721595,
2021-11,5.451505221,
2021-11,7.305649295,
2021-11,6.052230535,
2021-11,5.768263987,
2021-11,11.33328144,
2021-11,8.731266029,
2021-11,6.429586039,
2021-11,6.800832538,
2021-11,6.281630625,
2021-11,14.3308035,
2021-11,6.479040957,
2021-11,6.973299879,
2021-11,7.319925896,
2021-11,5.299083832,
2021-11,5.499636497,
2021-11,6.74056632,
2021-11,4.898341022,
2021-11,5.677073797,
2021-11,6.590177496,
2021-11,6.206998356,
2021-11,5.642715601,
2021-11,5.931173045,
2021-11,6.669657075,
2021-11,5.841278819,
2021-11,9.467799556,
2021-11,5.620520192,
2021-11,7.906178541,
2021-11,6.071750977,
2021-11,6.368065763,
2021-11,7.694069511,
2021-11,5.80697701,
2021-12,6.640754125,
2021-12,7.889989541,
2021-12,5.458139215,
2021-12,7.949823636,
2021-12,5.839865512,
2021-12,5.735930186,
2021-12,8.296769343,
2021-12,6.43121542,
2021-12,5.108919112,
2021-12,5.600222951,
2021-12,7.648555323,
2021-12,6.315976774,
2021-12,5.912574586,
2021-12,11.42576078,
2021-12,9.139712611,
2021-12,6.687854221,
2021-12,6.994613123,
2021-12,6.408360119,
2021-12,14.69746918,
2021-12,6.849801202,
2021-12,7.180268153,
2021-12,7.497820165,
2021-12,5.566962796,
2021-12,6.179850173,
2021-12,6.971620204,
2021-12,5.111447313,
2021-12,5.95501481,
2021-12,6.800840987,
2021-12,6.239927136,
2021-12,5.913656246,
2021-12,6.095050947,
2021-12,6.878276237,
2021-12,6.02927657,
2021-12,10.11250021,
2021-12,5.810921153,
2021-12,8.146991312,
2021-12,6.176964072,
2021-12,6.550602112,
2021-12,7.908694911,
2021-12,5.973445114,
2022-01,6.843556917,
2022-01,8.007322229,
2022-01,5.608810895,
2022-01,8.243395621,
2022-01,5.912525017,
2022-01,5.768027798,
2022-01,8.674224881,
2022-01,6.527175377,
2022-01,5.186197254,
2022-01,5.708714631,
2022-01,7.914594717,
2022-01,6.383674821,
2022-01,6.0309642,
2022-01,11.42481454,
2022-01,8.948892076,
2022-01,6.772599008,
2022-01,7.319802143,
2022-01,6.65625073,
2022-01,14.71080427,
2022-01,6.852974436,
2022-01,7.443892823,
2022-01,7.751207751,
2022-01,5.576716048,
2022-01,6.119297083,
2022-01,7.090439104,
2022-01,5.175208275,
2022-01,6.047962062,
2022-01,7.024339655,
2022-01,6.278047567,
2022-01,6.113563422,
2022-01,6.021371412,
2022-01,6.913108147,
2022-01,6.044202027,
2022-01,9.832358612,
2022-01,6.025025392,
2022-01,8.381048203,
2022-01,6.242905158,
2022-01,6.635014612,
2022-01,7.946900269,
2022-01,6.071282133,
2022-02,6.651831178,
2022-02,7.750749645,
2022-02,5.31426862,
2022-02,7.603934988,
2022-02,5.678834252,
2022-02,5.63527002,
2022-02,8.189367324,
2022-02,6.321499176,
2022-02,5.089275375,
2022-02,5.595650246,
2022-02,7.444922164,
2022-02,6.238593614,
2022-02,5.820755174,
2022-02,11.24172145,
2022-02,8.718153704,
2022-02,6.502545507,
2022-02,7.06535384,
2022-02,6.347412389,
2022-02,14.96581468,
2022-02,6.503214104,
2022-02,7.053927299,
2022-02,7.544593573,
2022-02,5.332071358,
2022-02,5.830795346,
2022-02,6.764628071,
2022-02,4.943853341,
2022-02,5.82977504,
2022-02,6.668149548,
2022-02,6.135446949,
2022-02,5.81764745,
2022-02,5.926977413,
2022-02,6.815500261,
2022-02,5.934916472,
2022-02,10.50233842,
2022-02,5.812381935,
2022-02,8.092641339,
2022-02,6.118947841,
2022-02,6.499455328,
2022-02,7.929181906,
2022-02,5.8968202,
